,time_bp,time_dp,occupation,travel_time,easeof_online,home_env,prod_inc,sleep_bal,new_skill,fam_connect,relaxed,self_time,net_diff,ages,no_office_commute,loved_ones_close,less_physical,less_colleages,lethargy,no_exercise,no_travel,bad_social_life,gender_Male,prefer_wfh
0,7,5,Student in College,0.5,3,3,3,3,4,5,2,2,7,20,0,1,0,0,0,0,0,1,1,0
1,7,11,Student in School,0.5,4,2,2,4,1,5,5,5,7,12,1,1,1,1,1,1,1,0,1,0
2,7,7,Student in College,1.5,2,2,5,3,4,4,4,4,7,21,1,1,0,0,0,1,1,1,1,0
3,7,7,Student in College,1.5,3,1,3,5,4,3,1,2,7,24,0,1,0,0,1,1,1,1,1,0
4,7,7,Student in College,1.5,2,2,3,3,3,3,4,3,7,22,1,0,1,0,1,0,0,0,0,0
5,5,7,Student in College,0.5,4,4,1,1,3,2,3,3,5,20,0,1,1,0,1,1,0,0,1,0
6,5,4,Student in College,0.5,1,3,4,4,5,4,5,5,5,23,1,1,0,0,1,1,0,1,1,1
7,7,9,Student in College,0.5,3,2,3,2,2,1,2,3,7,24,1,0,0,0,1,0,0,0,1,0
8,5,9,Student in College,0.5,1,2,5,5,5,5,5,5,5,19,1,0,1,0,0,1,0,0,1,1
9,7,7,Student in College,1.5,2,2,3,3,3,1,3,3,7,22,1,1,1,0,1,1,1,1,1,1
10,7,4,Student in College,0.5,2,1,3,2,4,4,3,4,7,21,1,1,0,0,1,1,0,1,1,0
11,5,9,Student in College,0.5,3,3,3,3,3,3,3,3,5,25,1,1,0,0,1,0,1,1,1,0
12,7,11,Student in College,0.5,5,4,3,1,5,2,1,1,7,23,0,1,1,0,1,1,0,0,1,0
13,7,7,Student in College,0.5,2,1,2,3,4,5,4,5,7,25,1,1,1,0,1,1,0,0,0,0
14,9,11,Working Professional,0.5,2,3,3,4,4,3,4,3,9,36,1,0,0,0,0,1,0,0,1,0
15,11,5,Student in College,0.5,5,2,3,3,5,5,4,5,11,20,1,1,1,0,1,0,0,0,1,1
16,7,5,Working Professional,0.5,2,3,3,2,4,4,2,4,7,38,0,1,1,0,1,0,0,1,1,0
17,7,9,Student in College,0.5,5,3,2,2,1,1,1,2,7,21,0,0,1,0,1,0,0,0,0,0
18,5,4,Student in College,1.5,2,4,3,2,1,3,2,2,5,23,0,1,0,0,0,1,0,0,1,0
19,11,9,Student in College,0.5,2,3,2,2,2,5,3,3,11,20,0,1,0,0,1,1,1,1,0,0
20,7,9,Student in College,1.5,4,5,4,2,4,2,1,2,7,23,0,0,1,0,1,0,1,1,1,0
21,7,5,Student in College,0.5,3,4,4,4,4,5,4,3,7,22,1,0,0,0,1,1,1,0,0,0
22,7,9,Working Professional,1.5,1,2,3,1,4,4,3,3,7,24,1,0,0,0,1,1,0,1,1,0
23,9,7,Student in College,0.5,5,3,4,4,5,5,5,4,9,25,0,1,0,0,0,0,0,1,0,1
24,9,4,Student in College,2.5,2,4,3,3,3,4,3,3,9,25,1,0,0,0,1,0,0,0,1,0
25,7,9,Student in College,0.5,4,4,2,2,4,4,3,2,7,24,1,0,0,1,1,0,0,1,1,0
26,9,7,Student in College,2.5,2,1,4,4,2,4,4,5,9,24,1,0,0,0,1,1,0,1,1,1
27,7,5,Student in College,0.5,3,4,4,2,3,3,2,3,7,24,1,1,0,0,1,1,1,1,1,0
28,7,4,Student in College,1.5,4,1,4,4,4,4,4,4,7,24,1,1,1,1,1,1,1,1,1,0
29,7,4,Student in College,1.5,4,3,3,2,4,3,4,3,7,21,0,0,1,0,1,1,1,1,0,0
30,9,7,Student in College,2.5,2,1,4,4,2,4,4,5,9,24,1,0,0,0,1,1,0,1,1,1
31,11,4,Student in College,0.5,5,1,1,1,1,1,1,1,11,23,1,0,0,0,1,0,0,0,1,0
32,7,7,Student in College,0.5,3,3,2,3,4,4,2,4,7,25,1,0,0,0,1,1,0,1,0,0
33,7,5,Student in College,0.5,3,2,4,4,4,4,4,4,7,20,1,0,0,0,1,1,1,1,0,1
34,9,5,Student in College,0.5,3,3,4,5,1,5,3,3,9,23,0,0,0,1,1,1,1,1,1,0
35,9,7,Student in College,2.5,3,3,3,1,5,5,4,4,9,21,1,1,0,0,1,1,1,1,1,0
36,7,11,Student in College,0.5,4,5,3,5,4,1,1,1,7,22,1,0,1,1,1,1,1,1,1,0
37,9,11,Student in College,1.5,2,1,4,5,4,4,4,4,9,21,1,1,1,0,0,1,0,0,1,1
38,4,4,Student in College,0.5,1,3,5,5,5,5,5,5,4,20,1,0,0,0,0,1,0,0,1,0
39,5,4,Student in College,0.5,4,4,2,1,2,2,1,1,5,19,0,0,1,0,1,0,0,1,0,0
40,9,7,Student in College,1.5,2,3,2,1,1,4,3,4,9,20,1,0,0,0,1,1,0,0,1,0
41,5,5,Student in College,0.5,5,4,2,3,3,3,3,3,5,25,0,1,0,0,1,0,1,1,0,0
42,4,5,Student in College,0.5,4,4,4,4,5,3,2,4,4,21,0,0,1,1,1,0,1,1,1,0
43,5,7,Student in College,0.5,3,5,4,2,3,4,3,3,5,20,0,1,1,0,1,1,1,1,1,0
44,9,11,Working Professional,0.5,4,3,1,1,1,3,1,1,9,36,1,0,0,0,1,0,1,0,1,0
45,12,12,Entrepreneur,3,5,5,1,1,1,1,1,3,12,63,0,0,0,1,0,0,1,0,0,0
46,7,9,Student in College,0.5,4,4,4,5,4,5,5,5,7,19,1,1,0,0,1,0,0,0,0,1
47,7,5,Student in College,0.5,5,4,1,5,4,4,2,3,7,24,1,0,0,0,1,1,1,1,1,0
48,7,4,Student in College,0.5,4,3,1,3,4,3,2,3,7,23,1,1,0,0,1,1,0,1,1,0
49,12,7,Student in College,0.5,3,4,2,3,3,3,3,3,12,24,1,1,1,1,0,0,0,1,1,1
50,12,4,Student in College,0.5,5,5,1,1,1,2,1,1,12,25,1,0,0,0,1,1,1,1,1,0
51,5,5,Student in College,0.5,3,4,5,4,5,4,5,5,5,20,1,0,1,0,1,1,1,1,1,1
52,7,7,Student in College,0.5,2,2,3,4,4,3,3,2,7,23,0,0,0,1,0,1,0,1,0,1
53,7,5,Student in College,0.5,4,5,2,2,1,1,3,1,7,19,0,0,1,0,1,0,0,0,1,0
54,12,12,Entrepreneur,1.5,2,2,4,2,2,4,2,2,12,25,1,0,0,0,0,0,0,1,1,1
55,7,9,Student in College,1.5,3,1,3,2,3,3,3,2,7,25,1,0,0,0,1,0,0,0,0,1
56,5,4,Student in College,0.5,3,2,3,5,5,5,5,5,5,19,1,1,0,0,0,1,1,1,1,0
57,5,5,Student in College,0.5,1,2,2,1,4,4,4,5,5,24,0,0,1,0,0,1,0,0,1,0
58,5,5,Student in College,0.5,1,2,2,1,4,4,4,5,5,21,0,0,1,0,0,1,0,0,1,0
59,9,9,Student in College,0.5,2,3,4,3,4,4,4,4,9,23,1,0,1,0,1,0,0,0,1,1
60,5,5,Student in College,0.5,3,3,2,3,3,4,3,2,5,23,1,1,1,0,1,1,1,1,1,1
61,9,11,Working Professional,1.5,4,5,3,2,2,4,3,3,9,20,1,1,0,0,1,1,0,0,1,0
62,5,4,Student in College,0.5,2,3,1,2,1,1,2,1,5,22,0,1,0,0,1,0,0,0,1,0
63,7,9,Student in College,0.5,4,4,2,3,2,4,1,2,7,20,1,0,0,0,1,1,0,1,1,0
64,5,4,Student in College,0.5,4,4,2,2,3,4,3,3,5,22,1,0,0,0,1,0,0,0,1,0
65,7,4,Student in College,0.5,4,1,2,2,5,5,5,5,7,24,1,1,1,0,1,1,0,0,1,0
66,9,4,Student in College,0.5,3,2,2,1,3,5,2,4,9,24,1,1,0,0,1,1,0,0,0,0
67,9,12,Working Professional,0.5,2,3,3,1,1,1,1,1,9,19,1,0,0,0,1,1,0,1,0,1
68,7,5,Student in School,1.5,3,3,4,1,4,2,4,3,7,17,1,1,1,1,1,1,1,1,1,0
69,5,7,Student in College,1.5,2,2,1,2,1,2,2,1,5,23,1,0,0,0,1,0,0,0,1,0
70,7,7,Student in College,2.5,4,3,3,3,3,5,5,5,7,21,1,1,1,1,1,1,0,0,1,1
71,7,9,Student in College,0.5,4,3,3,1,4,5,1,3,7,19,1,0,0,0,1,1,1,1,1,0
72,4,9,Retired/Senior Citizen,2.5,3,3,4,1,3,3,1,3,4,21,1,0,0,0,0,1,0,0,0,0
73,7,4,Student in College,1.5,3,5,1,1,5,3,2,5,7,16,0,1,0,0,1,1,1,1,1,0
74,9,7,Working Professional,0.5,1,1,5,5,5,5,5,5,9,30,1,1,0,0,1,0,0,0,0,1
75,4,7,Student in College,0.5,5,1,1,1,1,1,1,1,4,19,0,1,0,0,0,0,0,1,1,0
76,7,4,Student in College,0.5,5,5,1,1,1,3,1,1,7,24,0,0,1,0,1,1,1,1,1,0
77,7,9,Student in College,0.5,4,4,4,2,2,3,2,3,7,19,0,1,0,0,0,0,1,1,0,1
78,9,4,Working Professional,0.5,2,3,2,2,1,2,4,2,9,38,0,1,0,0,0,1,0,0,1,0
79,7,7,Student in College,0.5,2,2,3,1,4,5,2,3,7,22,1,1,0,0,1,1,0,1,1,1
80,7,4,Student in School,2.5,3,4,2,1,4,3,4,3,7,18,1,0,0,0,1,0,0,1,0,0
81,7,11,Student in College,1.5,3,4,2,1,1,1,1,1,7,20,1,0,0,1,1,1,1,0,0,0
82,7,7,Student in College,2.5,4,2,3,1,4,4,3,4,7,25,1,0,0,0,1,1,0,1,0,0
83,7,7,Student in College,0.5,5,5,1,3,1,1,2,1,7,22,0,0,0,1,0,0,1,0,0,0
84,5,7,Student in College,0.5,3,4,3,1,5,5,2,3,5,19,0,1,0,0,1,1,1,1,1,0
85,7,5,Student in School,0.5,4,2,2,1,4,4,2,3,7,13,0,0,1,0,1,0,0,0,1,0
86,7,12,Student in College,0.5,5,2,1,1,2,5,2,3,7,24,1,1,1,0,1,1,0,0,1,0
87,5,5,Student in College,2.5,2,2,4,4,2,4,1,3,5,19,1,1,0,0,1,1,0,1,0,0
88,9,11,Student in College,0.5,3,3,3,3,3,3,4,3,9,24,1,1,1,0,1,1,1,1,0,0
89,5,12,Student in College,0.5,2,3,3,1,2,3,1,3,5,24,1,1,0,0,1,1,0,1,0,0
90,5,5,Student in College,0.5,3,3,3,4,3,4,2,3,5,20,0,1,0,0,1,1,1,1,0,0
91,9,7,Working Professional,0.5,3,3,4,1,3,4,4,5,9,20,1,0,0,1,1,1,0,1,1,0
92,7,11,Student in College,0.5,3,3,2,1,1,1,1,2,7,25,1,0,0,0,1,1,1,1,1,0
93,5,5,Student in College,1.5,3,3,2,3,4,4,3,4,5,24,0,1,0,0,1,1,1,1,1,0
94,7,12,Student in College,0.5,5,5,3,2,4,5,1,4,7,24,0,1,0,0,1,1,1,1,1,0
95,7,11,Student in College,0.5,4,3,3,3,3,3,3,3,7,20,0,1,0,0,1,1,1,1,1,0
96,9,7,Student in College,2.5,2,1,4,4,2,4,4,5,9,21,1,0,0,0,1,1,0,1,1,1
97,9,7,Student in College,1.5,4,4,1,1,4,4,4,4,9,14,0,0,1,0,1,0,0,0,0,0
98,5,7,Student in College,0.5,4,5,3,3,2,4,2,2,5,12,0,1,0,0,1,1,1,1,1,0
99,7,12,Student in College,0.5,5,3,3,1,1,1,1,1,7,19,1,0,0,0,1,1,1,1,0,0
100,5,5,Student in College,0.5,4,3,3,2,4,4,1,2,5,23,1,1,0,0,0,1,1,1,0,0
101,9,7,Student in College,0.5,3,2,2,4,5,5,2,3,9,14,0,0,1,1,1,1,0,0,1,0
102,5,4,Student in College,0.5,5,5,1,3,3,5,5,5,5,17,0,1,0,0,0,0,0,1,1,0
103,7,7,Student in College,0.5,5,2,1,1,4,5,1,4,7,17,1,0,0,0,1,1,1,1,1,0
104,7,11,Student in College,0.5,2,4,3,2,1,2,1,2,7,21,1,0,1,0,1,1,0,0,1,0
105,5,5,Student in College,1.5,2,3,2,1,1,1,1,2,5,24,1,0,1,0,1,1,1,0,1,0
106,5,5,Student in College,0.5,1,1,5,5,4,4,5,4,5,21,1,1,1,0,0,0,0,1,0,1
107,4,9,Student in College,0.5,1,2,1,1,5,2,4,4,4,18,0,1,0,1,1,1,0,0,0,1
108,5,5,Student in College,1.5,4,4,2,2,3,4,2,3,5,13,1,0,0,0,1,0,1,1,1,0
109,5,5,Student in College,0.5,3,3,3,4,4,5,4,4,5,20,1,1,1,0,1,1,1,1,1,0
110,7,7,Student in College,0.5,4,3,1,1,2,3,3,1,7,24,1,0,0,0,1,1,0,0,1,0
111,5,7,Student in College,1.5,3,2,4,2,2,3,3,3,5,20,1,0,0,0,1,1,0,0,0,0
112,7,7,Student in College,0.5,3,2,2,3,2,5,3,3,7,17,1,1,1,0,1,0,0,0,1,1
113,5,5,Student in College,0.5,3,4,2,1,3,2,1,2,5,24,0,1,0,0,1,1,1,1,0,0
114,4,4,Homemaker,1.5,4,2,2,2,4,4,2,2,4,37,1,0,0,0,1,1,0,0,0,0
115,7,7,Student in College,1.5,3,3,3,3,2,5,2,3,7,24,1,1,1,1,1,1,1,0,1,0
116,5,5,Student in School,0.5,3,3,3,3,3,3,3,3,5,16,1,1,1,1,1,0,1,1,0,0
117,9,5,Student in College,0.5,4,3,3,2,3,1,2,3,9,22,1,0,1,0,1,1,1,1,1,0
118,11,5,Student in College,0.5,1,1,2,1,5,4,5,5,11,20,1,1,0,0,0,0,0,1,1,1
119,9,5,Student in College,0.5,4,4,2,4,4,4,2,3,9,13,1,1,1,0,1,0,1,1,1,0
120,7,5,Student in College,0.5,4,5,1,1,4,5,2,4,7,12,1,0,0,0,1,1,1,1,1,0
121,7,9,Student in College,0.5,5,2,1,3,1,5,1,2,7,15,0,0,1,0,1,1,1,1,1,0
122,5,5,Student in College,0.5,2,2,3,2,4,4,1,3,5,20,0,1,0,0,1,1,1,1,1,1
123,7,5,Student in College,0.5,2,1,3,1,4,4,2,3,7,19,1,1,1,0,0,0,0,1,1,0
124,9,7,Student in College,3,3,3,4,1,4,3,2,2,9,21,1,0,0,1,0,0,0,1,1,1
125,5,7,Student in College,0.5,1,2,4,4,3,4,3,4,5,19,1,0,0,0,1,1,0,0,1,1
126,7,7,Student in College,0.5,4,4,3,3,4,5,5,3,7,21,1,0,0,0,1,0,0,0,0,0
127,7,11,Student in College,0.5,5,2,1,1,1,1,1,1,7,22,0,1,0,0,1,1,1,1,1,0
128,5,7,Student in College,0.5,4,2,3,3,4,3,2,2,5,25,1,0,0,0,1,1,1,1,1,0
129,5,5,Student in College,0.5,5,5,1,1,1,4,2,2,5,15,0,1,0,0,0,0,0,1,1,0
130,11,7,Student in College,2.5,1,1,4,5,4,5,5,5,11,22,1,1,1,0,1,1,0,0,1,1
131,7,4,Student in College,0.5,4,5,2,1,3,3,1,2,7,22,0,0,1,0,1,1,0,1,0,0
132,7,9,Student in College,0.5,3,2,2,2,4,4,3,4,7,23,0,1,0,0,1,1,1,1,0,0
133,9,11,Student in School,1.5,2,4,3,1,5,4,1,1,9,17,1,0,0,1,1,1,1,1,0,1
134,11,5,Student in College,0.5,2,4,1,4,5,5,4,5,11,25,1,1,0,0,1,0,0,0,1,0
135,5,4,Student in College,0.5,1,3,3,3,5,5,4,5,5,23,1,1,1,0,1,0,0,0,1,1
136,7,9,Student in College,0.5,4,3,1,1,2,3,1,2,7,20,1,1,1,1,1,1,0,1,1,0
137,7,9,Student in College,0.5,3,1,3,2,5,4,3,3,7,25,1,1,0,0,1,0,0,1,1,0
138,7,7,Student in College,0.5,3,4,2,4,5,5,4,4,7,20,0,1,0,0,1,1,1,1,1,0
139,12,12,Student in College,0.5,5,5,1,3,3,3,3,3,12,16,1,0,0,0,0,0,1,0,1,0
140,11,7,Student in College,2.5,4,5,2,3,2,5,3,5,11,12,0,1,0,1,1,0,1,0,0,0
141,7,7,Student in College,2.5,3,3,3,3,3,3,3,3,7,19,1,0,0,0,1,1,1,1,1,0
142,5,5,Student in College,0.5,4,2,2,2,3,3,2,2,5,21,0,0,1,0,1,1,1,1,1,0
143,5,4,Student in College,0.5,1,3,3,3,4,3,2,2,5,21,0,0,1,0,1,1,0,1,0,0
144,5,12,Student in College,0.5,5,3,2,1,1,1,1,1,5,25,0,0,1,0,1,1,0,0,0,0
145,5,7,Student in College,0.5,3,4,2,2,3,3,1,2,5,18,0,1,0,0,1,0,0,0,1,0
146,5,7,Student in College,0.5,4,3,3,4,4,4,2,3,5,23,1,1,1,0,1,1,1,1,1,0
147,5,7,Student in College,0.5,4,4,2,1,2,3,2,2,5,21,0,1,0,1,0,1,0,1,0,0
148,5,7,Student in College,0.5,4,4,4,1,4,5,3,2,5,20,1,0,0,0,1,1,1,1,0,0
149,7,12,Student in College,3,3,3,2,2,2,4,2,2,7,24,1,1,1,1,1,1,1,1,0,0
150,5,9,Student in College,0.5,5,3,3,4,2,4,2,2,5,24,0,0,1,0,1,0,0,0,1,1
151,7,9,Student in College,1.5,4,3,3,3,4,4,3,3,7,12,1,1,0,0,1,1,1,1,1,0
152,7,11,Student in College,2.5,2,1,4,1,1,4,4,4,7,19,1,1,1,0,1,1,0,1,1,1
153,9,11,Student in College,1.5,3,3,4,1,2,3,1,3,9,25,1,1,0,0,1,1,0,1,0,0
154,7,7,Student in College,0.5,3,4,4,3,5,5,4,3,7,19,1,0,1,0,1,1,1,1,1,0
155,5,4,Student in College,0.5,3,3,3,2,4,5,3,4,5,18,1,0,0,0,1,1,0,1,0,0
156,5,4,Student in College,0.5,3,3,3,2,4,5,3,4,5,12,1,0,0,0,1,1,0,1,0,0
157,9,12,Student in College,0.5,3,3,3,2,2,3,2,2,9,25,1,0,0,0,1,1,0,0,1,0
158,7,4,Student in College,0.5,2,2,4,2,4,5,3,4,7,19,1,1,0,0,1,0,0,0,1,0
159,7,5,Student in College,0.5,4,4,3,2,3,3,2,3,7,24,1,0,0,0,1,1,0,1,1,0
160,5,7,Student in College,0.5,4,3,1,2,3,2,3,1,5,19,1,0,1,1,0,0,1,1,1,0
161,7,4,Student in College,1.5,3,3,2,2,4,3,4,5,7,23,1,0,1,0,1,1,1,1,1,0
162,5,4,Student in College,0.5,2,5,1,1,5,4,5,5,5,24,1,1,1,1,1,0,0,0,1,0
163,7,9,Student in College,0.5,4,4,3,3,3,3,3,3,7,19,1,0,0,0,1,0,0,0,1,0
164,7,7,Student in College,1.5,3,3,3,4,2,5,2,3,7,23,0,1,1,1,1,1,1,1,1,0
165,5,7,Student in College,0.5,5,2,5,5,5,5,3,5,5,25,1,1,0,1,1,1,0,1,1,0
166,12,12,Student in College,0.5,1,3,1,1,3,3,3,3,12,25,1,1,1,0,1,1,1,1,1,0
167,7,7,Student in College,0.5,3,3,1,1,1,1,2,3,7,21,1,0,0,0,0,0,1,0,1,0
168,7,5,Student in College,1.5,1,2,5,5,5,5,5,5,7,23,1,1,1,0,0,0,0,1,1,1
169,5,5,Working Professional,1.5,2,2,4,4,4,4,4,4,5,20,1,1,1,0,1,1,0,1,1,0
170,5,9,Student in College,1.5,4,2,3,1,1,4,2,2,5,21,1,1,0,0,1,1,1,1,1,0
171,7,5,Student in College,1.5,3,3,3,1,3,5,4,5,7,23,1,0,0,0,1,1,0,0,1,0
172,7,7,Student in College,1.5,3,3,4,3,3,5,4,4,7,24,1,1,1,0,1,1,0,1,1,1
173,7,4,Currently Out of Work,0.5,2,4,2,2,2,4,3,3,7,20,0,1,0,0,1,1,1,1,0,0
174,7,11,Student in College,1.5,1,2,5,4,5,5,4,5,7,21,1,1,0,0,0,0,1,0,1,1
175,9,4,Student in College,1.5,1,5,1,2,1,1,1,1,9,20,1,1,1,0,0,0,1,1,1,1
176,5,4,Entrepreneur,1.5,2,1,2,2,3,4,1,2,5,19,1,0,0,0,1,0,0,0,1,0
177,7,4,Student in College,0.5,4,3,2,1,3,1,4,2,7,21,1,0,1,0,1,1,1,1,1,0
178,11,7,Working Professional,1.5,4,5,3,3,3,1,1,3,11,20,0,1,0,1,1,1,0,1,1,0
179,7,5,Student in College,2.5,1,5,1,2,4,4,2,3,7,25,0,1,0,0,1,1,1,1,0,0
180,7,4,Student in College,1.5,2,1,3,5,5,4,4,3,7,21,1,1,0,1,1,0,1,0,1,1
181,5,4,Student in College,0.5,1,3,2,2,2,4,4,4,5,13,1,1,0,0,1,0,0,1,1,0
182,9,5,Student in College,1.5,3,5,2,2,4,4,3,4,9,21,0,0,1,0,1,1,1,1,0,0
183,5,7,Student in College,0.5,2,3,3,1,3,5,3,3,5,21,0,1,0,0,1,1,0,1,1,0
184,7,5,Student in College,0.5,2,1,4,4,5,5,4,5,7,22,1,0,0,0,1,0,0,0,1,1
185,4,9,Student in College,0.5,1,3,4,4,4,4,4,4,4,23,1,0,0,0,0,1,0,0,1,0
186,7,9,Student in College,0.5,4,5,1,3,1,2,2,2,7,22,1,0,1,0,1,1,1,1,1,0
187,7,11,Student in College,3,2,2,3,2,1,1,2,1,7,22,1,0,0,0,1,0,0,1,1,1
188,7,4,Student in College,0.5,3,4,3,3,3,5,4,4,7,23,1,1,0,0,0,0,1,1,1,0
189,7,9,Student in College,0.5,3,3,3,4,2,4,4,4,7,20,1,0,0,0,1,1,1,0,1,0
190,9,5,Student in College,3,3,3,2,3,4,4,4,3,9,20,1,1,1,1,1,1,0,1,1,0
191,7,4,Working Professional,0.5,1,1,3,1,5,5,4,4,7,20,1,1,1,1,0,1,1,1,0,0
192,7,4,Student in College,1.5,1,1,5,5,5,5,5,5,7,20,1,1,1,1,0,1,0,0,1,1
193,7,5,Student in College,0.5,3,4,3,3,4,4,4,4,7,24,0,1,1,0,1,0,0,1,0,1
194,7,9,Working Professional,0.5,2,4,3,4,2,3,2,3,7,24,1,0,1,0,1,0,1,1,1,0
195,9,4,Student in College,0.5,3,3,4,2,4,4,4,3,9,24,0,1,1,1,1,1,0,0,1,0
196,7,7,Student in College,1.5,3,4,2,4,5,5,2,2,7,25,1,0,1,0,1,1,1,0,1,0
197,5,4,Student in School,0.5,4,4,1,2,3,3,1,4,5,13,1,0,0,0,1,1,0,1,0,0
198,7,4,Currently Out of Work,0.5,2,3,3,1,4,5,3,3,7,25,1,1,1,1,1,0,0,0,0,0
199,9,9,Student in College,0.5,4,3,2,2,1,2,3,1,9,25,0,1,0,0,0,1,0,0,1,0
200,4,4,Entrepreneur,0.5,2,1,5,4,4,3,4,3,4,19,1,1,0,1,1,1,0,0,1,1
201,9,4,Student in College,0.5,3,2,2,2,4,4,3,4,9,23,1,1,1,1,1,1,1,1,1,0
202,7,4,Student in College,0.5,2,2,3,3,4,4,4,4,7,25,1,1,0,0,1,1,1,1,1,0
203,9,4,Currently Out of Work,1.5,5,3,2,2,4,4,3,4,9,19,1,0,0,0,0,0,0,1,1,0
204,5,4,Student in College,0.5,3,1,3,5,4,4,3,4,5,20,1,1,0,0,1,0,0,0,0,0
205,7,7,Student in College,0.5,3,2,4,4,4,4,4,4,7,24,1,1,1,0,1,1,1,1,0,0
206,5,5,Student in College,0.5,3,3,3,3,3,3,3,3,5,20,0,1,0,0,0,0,0,1,1,0
207,12,12,Homemaker,3,1,2,1,1,1,1,1,1,12,65,1,1,1,1,1,1,1,1,0,0
208,5,4,Student in College,0.5,2,3,3,2,3,3,3,3,5,19,1,0,1,0,1,1,1,0,1,0
209,7,4,Student in College,0.5,3,4,2,1,4,4,2,4,7,25,1,1,1,0,1,1,1,1,1,0
210,7,9,Homemaker,0.5,3,3,3,2,4,5,4,2,7,40,1,1,0,0,0,1,0,1,0,0
211,9,11,Working Professional,2.5,3,3,2,2,5,4,1,4,9,44,1,1,0,0,1,0,0,1,1,0
212,5,7,Student in College,0.5,1,3,4,2,4,4,4,4,5,25,1,1,0,0,0,1,1,0,1,1
213,5,5,Student in College,2.5,2,2,4,2,5,4,4,4,5,22,1,1,0,0,0,0,1,1,1,1
214,7,5,Entrepreneur,0.5,3,3,2,1,4,3,2,3,7,25,1,1,0,0,0,1,1,1,1,0
215,7,5,Student in School,0.5,3,3,4,3,5,5,4,4,7,16,1,0,0,0,1,0,0,0,1,1
216,7,4,Student in College,1.5,2,4,2,4,3,5,1,3,7,24,0,1,0,0,0,0,1,0,0,0
217,9,4,Student in College,2.5,5,3,1,1,1,4,3,1,9,22,0,0,0,1,1,0,0,0,1,0
218,7,5,Student in School,0.5,2,1,3,4,4,5,4,4,7,18,1,0,0,0,0,1,1,1,1,0
219,7,5,Student in College,0.5,2,3,3,3,3,3,3,3,7,16,0,0,1,0,1,0,0,0,1,0
220,7,4,Student in School,0.5,1,1,2,1,2,3,3,4,7,14,0,0,0,1,0,0,1,0,0,1
221,9,12,Working Professional,1.5,3,3,3,4,1,1,1,1,9,43,1,0,0,0,1,0,0,0,1,1
222,7,4,Student in College,0.5,4,2,1,2,1,3,3,2,7,21,1,1,1,0,0,1,1,0,1,1
223,7,7,Working Professional,1.5,4,2,2,3,2,3,2,2,7,20,1,0,0,0,1,0,0,0,1,1
224,11,7,Student in School,0.5,1,3,3,3,3,3,3,3,11,12,1,0,1,0,1,1,1,1,1,0
225,5,4,Student in College,0.5,2,3,3,4,4,4,3,4,5,21,1,1,0,0,1,1,1,0,1,0
226,4,4,Student in College,1.5,1,3,3,2,5,4,3,3,4,17,1,1,1,1,1,1,1,1,0,0
227,7,7,Student in School,0.5,1,3,3,2,4,3,4,2,7,16,1,0,1,0,1,1,1,0,1,0
228,5,5,Student in School,0.5,2,3,3,3,4,5,4,4,5,13,0,0,1,0,0,0,1,1,1,1
229,7,7,Student in School,0.5,3,3,3,3,3,3,4,4,7,13,0,0,1,0,0,0,0,1,1,0
230,7,5,Student in College,0.5,3,4,3,4,4,4,2,4,7,18,0,0,0,1,0,0,1,0,0,0
231,4,5,Student in College,1.5,2,5,1,2,5,3,1,4,4,14,1,0,0,0,1,0,0,0,1,0
232,4,7,Student in College,0.5,4,4,3,1,4,4,3,4,4,13,1,1,0,0,1,0,0,1,1,0
233,9,12,Student in College,0.5,3,2,3,4,3,4,3,2,9,13,1,1,0,0,1,0,0,1,0,0
234,7,9,Working Professional,1.5,2,2,4,2,5,3,2,3,7,30,0,0,1,0,1,0,1,1,0,1
235,7,7,Student in College,0.5,1,1,2,3,5,5,3,3,7,24,0,1,0,0,1,0,0,0,1,1
236,7,9,Working Professional,1.5,4,4,2,2,1,3,2,2,7,33,0,0,0,1,0,0,0,1,0,0
237,4,4,Student in College,0.5,1,5,1,1,2,5,1,1,4,21,1,0,0,0,1,1,1,1,1,0
238,7,9,Working Professional,1.5,5,5,1,1,4,4,1,1,7,19,1,0,0,0,1,0,0,1,0,0
239,7,7,Student in College,0.5,1,3,5,4,5,5,5,5,7,19,0,1,0,0,0,0,1,0,0,1
240,9,5,Student in College,0.5,2,2,2,3,4,4,4,3,9,13,1,1,0,0,1,1,1,1,1,0
241,12,12,Retired/Senior Citizen,0.5,1,1,3,3,3,3,3,3,12,56,1,0,0,0,0,0,0,1,1,0
242,9,9,Working Professional,1.5,2,2,4,2,4,4,4,4,9,21,1,0,1,0,0,1,1,1,0,1
243,4,7,Student in College,2.5,2,5,5,5,5,5,5,5,4,20,1,1,1,1,0,1,0,0,0,1
244,9,4,Student in College,1.5,3,2,3,4,4,4,3,4,9,24,1,0,1,0,1,0,0,1,1,0
245,9,7,Student in College,1.5,4,3,1,1,3,5,1,3,9,13,0,0,0,1,1,1,1,1,1,0
246,5,4,Student in College,0.5,5,3,3,3,3,3,3,3,5,22,1,0,0,0,1,0,0,0,1,0
247,9,5,Student in College,2.5,2,4,3,2,5,5,4,5,9,19,1,1,0,0,1,1,1,1,1,0
248,9,4,Student in College,2.5,1,1,3,2,4,3,3,3,9,21,1,0,1,0,1,0,1,1,1,0
249,9,11,Working Professional,2.5,4,3,2,2,4,4,3,4,9,58,1,1,0,0,1,1,0,1,1,0
250,5,7,Student in College,1.5,4,4,2,3,2,3,2,3,5,20,0,1,0,0,0,1,0,0,1,0
251,7,5,Student in College,1.5,1,1,4,4,4,4,4,4,7,20,0,0,1,0,1,1,0,1,1,0
252,7,11,Student in College,0.5,4,2,3,2,3,3,1,3,7,22,1,0,0,0,1,0,0,0,0,0
253,7,7,Student in College,2.5,3,3,3,2,4,4,3,3,7,25,1,0,0,0,0,0,0,1,1,0
254,9,9,Working Professional,1.5,1,4,3,4,3,4,4,5,9,43,1,0,0,0,1,0,0,0,1,1
255,9,7,Student in College,0.5,5,5,1,1,1,1,1,1,9,22,1,0,0,0,1,1,1,1,1,0
256,9,5,Student in College,3,1,3,3,5,5,5,5,5,9,24,1,1,1,1,0,0,0,1,1,0
257,4,7,Student in College,0.5,4,3,4,2,3,3,2,4,4,24,1,0,0,0,1,1,0,1,1,0
258,5,5,Student in College,0.5,4,4,2,1,1,2,1,1,5,22,1,0,0,1,1,1,1,1,0,0
259,9,7,Student in College,0.5,3,4,3,4,4,5,3,3,9,15,1,1,1,0,1,1,1,1,0,0
260,7,7,Working Professional,0.5,2,2,5,1,1,1,5,1,7,23,1,0,0,0,1,0,0,1,1,0
261,7,5,Student in College,1.5,3,2,3,2,3,2,2,3,7,21,0,1,1,0,0,1,0,0,1,0
262,5,9,Homemaker,0.5,1,2,4,3,4,4,3,3,5,44,0,1,0,0,0,0,1,0,0,1
263,7,7,Student in College,0.5,5,4,1,2,1,1,2,1,7,22,1,1,1,0,1,0,0,0,1,0
264,7,4,Working Professional,0.5,3,3,2,4,4,4,4,4,7,19,0,0,0,1,0,0,0,1,1,0
265,7,9,Student in College,0.5,4,3,2,1,4,4,2,3,7,13,0,1,0,0,1,1,1,0,1,0
266,9,9,Working Professional,0.5,3,2,4,5,4,5,5,5,9,21,1,0,1,1,1,1,1,1,0,0
267,9,12,Working Professional,1.5,3,3,3,4,1,1,1,1,9,46,1,0,0,0,1,0,0,0,1,1
268,12,12,Student in College,0.5,2,1,4,4,4,4,4,4,12,31,1,1,0,0,0,0,0,1,1,1
269,5,7,Currently Out of Work,2.5,4,4,2,4,4,4,5,4,5,35,0,1,0,1,1,1,0,0,1,1
270,4,4,Homemaker,0.5,4,4,3,4,4,4,4,4,4,71,1,0,1,0,1,0,0,1,0,1
271,7,7,Working Professional,1.5,4,2,2,3,2,3,2,2,7,25,1,0,0,0,1,0,0,0,1,1
272,7,5,Student in College,1.5,3,3,3,3,3,3,3,3,7,21,1,0,0,0,0,1,0,0,1,0
273,9,4,Student in College,0.5,3,3,4,2,4,4,4,3,9,21,0,1,1,1,1,1,0,0,1,0
274,7,11,Student in College,0.5,3,3,5,1,5,1,1,5,7,19,0,0,1,0,1,1,1,1,1,0
275,7,5,Student in College,1.5,5,5,3,4,2,3,2,2,7,15,0,1,0,0,1,1,1,1,1,0
276,9,4,Student in College,1.5,3,1,2,1,3,3,2,2,9,23,1,0,0,0,1,1,1,0,1,0
277,5,7,Student in College,0.5,1,1,5,4,5,5,5,5,5,23,1,1,1,0,0,0,0,1,1,1
278,4,4,Currently Out of Work,0.5,5,2,1,5,5,5,5,5,4,63,1,1,1,0,0,1,0,0,1,1
279,7,9,Homemaker,0.5,1,1,3,3,3,3,3,3,7,57,0,1,0,0,0,1,0,0,0,1
280,7,7,Student in School,0.5,1,4,2,2,5,5,5,5,7,17,0,0,0,1,0,0,0,1,0,1
281,11,11,Working Professional,1.5,4,3,4,2,4,4,4,4,11,37,1,1,0,0,0,1,0,1,1,0
282,4,4,Currently Out of Work,1.5,5,5,2,5,5,5,5,5,4,61,1,1,1,0,0,0,0,1,1,1
283,9,7,Working Professional,1.5,5,2,2,5,5,5,5,5,9,72,1,1,1,0,0,0,0,1,1,1
284,9,9,Entrepreneur,0.5,2,1,5,2,5,5,5,5,9,37,1,1,1,0,1,0,0,1,0,0
285,7,12,Medical Professional aiding efforts against COVID-19,1.5,5,5,2,2,2,2,2,2,7,42,0,1,1,0,0,0,0,1,1,1
286,7,12,Working Professional,2.5,4,3,2,1,2,1,1,2,7,42,0,1,1,0,0,0,0,1,1,1
287,9,5,Currently Out of Work,1.5,4,3,1,5,5,5,5,5,9,63,1,1,1,0,0,0,0,1,1,0
288,5,12,Homemaker,0.5,1,2,5,2,2,2,2,2,5,57,0,1,1,0,0,0,0,1,0,1
289,5,9,Entrepreneur,1.5,2,2,4,4,5,5,5,3,5,31,1,1,1,0,0,1,0,1,0,1
290,7,9,Working Professional,1.5,1,1,4,4,5,5,3,4,7,31,0,1,0,0,0,1,0,1,1,0
291,9,9,Working Professional,2.5,2,2,3,3,4,4,4,4,9,44,1,1,1,0,0,1,1,1,0,0
292,7,5,Student in College,1.5,1,4,2,2,3,3,3,3,7,22,1,0,1,0,1,1,0,0,1,1
293,9,9,Working Professional,2.5,2,2,3,3,4,4,4,4,9,47,1,1,1,0,0,1,1,1,0,0
294,11,12,Entrepreneur,3,2,3,5,3,4,4,4,2,11,29,0,1,0,0,1,0,1,1,0,0
295,7,4,Student in College,0.5,2,3,3,3,1,5,3,1,7,21,0,1,0,0,0,1,0,1,1,1
296,7,5,Student in College,1.5,3,2,5,5,5,5,5,5,7,19,1,0,0,0,1,0,0,0,0,0
297,12,12,Working Professional,1.5,1,1,5,5,2,4,4,3,12,59,1,1,0,1,1,1,0,0,0,1
298,11,12,Entrepreneur,3,2,3,5,3,4,4,4,2,11,26,0,1,0,0,1,0,1,1,0,0
299,9,9,Working Professional,1.5,2,2,4,4,4,5,4,4,9,33,1,1,0,0,1,0,0,1,0,1
300,7,5,Student in School,0.5,4,2,2,3,4,5,3,3,7,15,0,1,0,0,1,0,0,0,1,0
301,7,4,Working Professional,0.5,3,3,2,4,4,4,4,4,7,21,0,0,0,1,0,0,0,1,1,0
302,9,5,Student in College,1.5,2,4,2,2,5,5,4,4,9,25,0,1,0,0,1,1,1,1,1,0
303,7,4,Student in College,0.5,2,2,2,3,2,1,3,1,7,21,1,0,0,0,1,1,0,1,1,0
304,7,7,Student in College,0.5,5,4,1,3,2,3,1,1,7,19,1,1,0,0,1,1,0,1,1,0
305,7,4,Student in College,0.5,1,1,3,3,5,3,1,5,7,23,0,0,1,0,1,1,1,1,1,0
306,7,12,Student in College,1.5,1,3,5,1,3,1,5,2,7,18,1,1,1,1,1,1,0,0,0,1
307,9,12,Entrepreneur,1.5,4,4,2,1,3,1,3,3,9,43,0,1,0,0,1,0,1,1,0,0
308,9,9,Working Professional,0.5,4,2,2,2,5,3,2,4,9,22,1,0,0,0,1,1,1,0,1,0
309,9,5,Student in College,0.5,5,4,1,1,3,1,1,1,9,24,0,0,1,0,1,1,0,1,0,0
310,7,5,Working Professional,0.5,3,5,2,2,2,4,3,2,7,27,1,0,1,0,1,1,0,1,1,0
311,9,9,Working Professional,0.5,2,2,4,4,4,5,3,4,9,35,1,1,0,0,0,0,0,1,1,1
312,9,4,Medical Professional aiding efforts against COVID-19,2.5,3,5,2,3,3,4,3,3,9,48,0,0,1,0,1,0,0,0,0,0
313,9,12,Student in College,0.5,4,4,2,1,1,2,1,2,9,27,1,1,1,0,1,1,1,1,1,0
314,9,9,Working Professional,1.5,1,1,5,4,5,5,4,4,9,40,1,1,0,0,1,1,0,1,1,1
315,9,9,Working Professional,0.5,3,3,4,3,4,4,4,4,9,47,1,0,0,0,0,1,0,0,1,1
316,11,11,Working Professional,1.5,3,3,2,3,4,4,4,4,11,60,0,1,0,0,1,0,0,0,1,1
317,5,12,Homemaker,0.5,3,5,2,1,2,3,2,2,5,31,0,1,0,0,0,1,1,1,0,0
318,9,11,Working Professional,0.5,3,2,4,4,4,4,3,3,9,28,1,1,1,1,0,1,1,0,1,0
319,11,12,Working Professional,1.5,2,2,3,3,3,1,3,2,11,30,1,1,1,1,1,1,0,0,1,0
320,5,5,Working Professional,0.5,2,2,4,2,4,4,4,4,5,48,1,1,0,0,0,1,0,1,1,1
321,9,9,Working Professional,1.5,3,5,3,3,3,3,3,3,9,28,1,0,0,0,1,1,1,1,1,0
322,9,5,Working Professional,1.5,2,3,4,4,4,4,4,4,9,29,1,0,0,1,0,1,0,0,1,1
323,11,12,Working Professional,0.5,3,3,3,3,1,1,3,3,11,30,0,0,1,1,1,0,1,0,1,0
324,5,5,Entrepreneur,0.5,3,4,2,1,4,3,3,3,5,26,1,1,1,1,1,1,0,1,1,0
325,7,5,Working Professional,1.5,3,3,2,3,4,4,4,4,7,30,0,1,0,0,1,0,0,0,1,1
326,7,7,Working Professional,3,2,5,2,4,2,4,4,4,7,35,1,0,0,0,0,1,0,0,1,0
327,9,9,Working Professional,0.5,2,4,1,3,4,4,2,3,9,56,1,1,0,0,0,0,0,1,1,0
328,11,11,Working Professional,2.5,4,4,3,3,3,1,3,1,11,40,0,1,1,1,1,1,1,1,1,0
329,7,9,Working Professional,2.5,3,3,4,4,4,5,3,4,7,32,1,1,0,0,1,1,1,0,1,0
330,9,12,Working Professional,0.5,2,5,1,1,1,4,1,1,9,32,1,0,0,0,1,1,1,1,0,0
331,9,11,Working Professional,0.5,2,2,4,3,3,5,3,3,9,47,1,1,0,0,1,1,1,1,1,0
332,11,11,Working Professional,2.5,2,2,3,3,3,3,3,3,11,30,1,0,0,0,1,0,0,1,0,0
333,9,11,Working Professional,1.5,3,2,4,5,3,5,4,4,9,32,1,0,1,0,1,1,0,1,1,0
334,7,9,Working Professional,0.5,2,2,2,3,4,4,3,4,7,44,1,1,0,0,1,0,1,0,1,0
335,9,11,Working Professional,0.5,2,1,5,4,4,5,5,5,9,41,1,1,0,0,1,0,1,0,1,0
336,7,9,Working Professional,0.5,2,1,4,3,4,4,4,4,7,26,1,1,0,0,1,0,0,0,1,1
337,9,11,Working Professional,0.5,3,2,3,2,3,2,2,2,9,40,1,0,0,0,1,1,0,1,1,1
338,9,7,Working Professional,1.5,1,3,5,5,5,5,5,5,9,26,1,1,0,1,1,1,0,0,1,1
339,9,12,Working Professional,1.5,2,1,5,3,2,2,4,3,9,41,1,0,0,0,0,0,0,1,1,1
340,9,7,Working Professional,1.5,1,1,1,1,1,1,1,1,9,32,1,1,1,0,0,0,1,0,1,1
341,9,12,Working Professional,0.5,3,3,3,1,3,3,3,3,9,30,1,1,0,0,1,1,1,1,1,0
342,9,11,Working Professional,0.5,3,2,3,3,2,5,4,3,9,28,1,1,1,1,1,0,1,0,1,0
343,9,4,Working Professional,0.5,2,2,4,2,3,5,1,2,9,19,0,1,0,0,1,1,0,1,1,0
344,9,11,Working Professional,1.5,3,2,3,2,4,3,3,3,9,60,1,0,0,0,0,0,1,1,0,0
345,9,12,Working Professional,0.5,4,5,3,2,2,3,2,2,9,26,0,1,0,0,1,1,0,0,1,0
346,9,9,Working Professional,2.5,2,4,2,3,1,2,3,3,9,47,1,0,0,0,1,1,0,0,1,0
347,9,5,Working Professional,1.5,2,1,2,2,2,4,3,4,9,58,1,0,0,0,0,0,1,1,1,0
348,9,11,Working Professional,0.5,1,5,5,1,4,4,3,3,9,30,1,1,1,1,1,1,1,1,1,0
349,7,9,Working Professional,0.5,4,4,2,2,2,1,2,2,7,56,0,1,0,0,1,1,1,1,0,0
350,7,7,Working Professional,0.5,1,3,4,4,4,4,4,4,7,49,1,0,0,0,1,0,0,0,0,1
351,9,12,Working Professional,0.5,2,3,3,2,3,2,2,2,9,43,0,1,0,0,0,0,0,1,0,0
352,9,11,Working Professional,0.5,3,3,3,1,1,1,1,1,9,40,0,0,0,1,1,0,0,0,0,0
353,7,9,Working Professional,0.5,3,3,3,1,2,3,2,2,7,40,1,0,0,0,1,1,1,0,0,0
354,9,11,Working Professional,0.5,1,2,3,1,3,3,3,2,9,35,1,1,1,1,1,1,0,1,1,1
355,7,7,Working Professional,1.5,3,3,3,3,3,4,3,3,7,32,1,0,0,0,1,0,0,0,0,1
356,9,9,Entrepreneur,0.5,1,1,3,3,2,5,5,3,9,48,1,0,0,1,0,0,1,0,0,1
357,9,12,Working Professional,2.5,3,3,2,3,1,3,3,2,9,29,1,1,0,1,1,0,1,0,1,0
358,5,5,Entrepreneur,0.5,3,1,1,1,1,1,1,1,5,57,1,0,0,0,1,1,1,1,0,1
359,9,9,Working Professional,0.5,3,4,3,3,4,4,3,4,9,44,1,0,0,0,0,0,0,1,1,0
360,7,9,Working Professional,0.5,3,4,4,2,2,1,2,2,7,29,1,0,1,1,1,1,0,0,1,0
361,5,11,Working Professional,0.5,1,1,4,4,5,5,5,3,5,51,0,1,0,0,0,1,0,0,0,1
362,7,9,Working Professional,2.5,3,3,4,4,4,5,3,4,7,29,1,1,0,0,1,1,1,0,1,0
363,9,11,Working Professional,1.5,1,1,1,3,1,1,1,1,9,49,1,0,0,0,0,0,0,1,1,1
364,9,11,Working Professional,0.5,3,4,2,2,2,4,2,3,9,38,1,0,0,0,1,1,0,1,0,0
365,11,12,Working Professional,1.5,3,1,3,1,1,1,1,1,11,40,1,0,0,0,1,0,0,0,1,0
366,5,4,Entrepreneur,0.5,1,2,3,1,4,4,4,2,5,40,1,0,0,0,0,1,0,0,1,0
367,7,9,Student in College,0.5,5,4,3,2,3,3,2,3,7,19,1,0,0,0,1,1,1,0,1,0
368,7,7,Working Professional,1.5,3,4,4,3,4,5,4,4,7,52,1,0,0,0,1,1,0,0,1,0
369,9,12,Working Professional,0.5,5,1,4,1,1,4,2,2,9,27,0,1,1,0,1,1,1,1,1,0
370,5,4,Working Professional,0.5,3,2,2,4,4,5,4,3,5,38,0,1,0,0,1,1,0,1,1,0
371,9,9,Entrepreneur,0.5,2,1,4,2,2,4,3,3,9,47,0,0,1,0,0,0,0,1,0,0
372,7,5,Working Professional,1.5,4,3,1,4,3,5,4,3,7,34,0,1,0,0,0,0,0,1,1,0
373,5,9,Homemaker,0.5,5,3,4,2,3,5,2,2,5,33,0,1,0,0,0,1,0,0,0,1
374,5,4,Currently Out of Work,2.5,4,4,1,4,3,4,2,2,5,29,0,1,0,0,1,1,0,1,1,0
375,7,9,Working Professional,1.5,2,3,4,1,3,3,2,2,7,27,0,1,0,0,1,1,0,1,0,0
376,7,9,Working Professional,0.5,4,3,3,3,2,3,2,1,7,26,0,1,0,0,1,1,0,1,0,0
377,11,9,Working Professional,1.5,2,1,3,2,4,4,4,4,11,47,1,1,0,0,1,1,0,0,1,1
378,7,5,Working Professional,2.5,1,3,3,3,3,3,4,4,7,51,1,1,0,0,0,1,0,0,0,1
379,9,9,Working Professional,1.5,3,4,3,2,3,2,3,2,9,50,1,0,0,0,1,0,0,0,1,1
380,7,7,Working Professional,1.5,5,5,3,3,3,3,3,3,7,53,0,0,0,1,0,0,0,1,1,1
381,7,7,Working Professional,0.5,2,3,5,3,3,4,4,3,7,43,1,1,1,1,1,0,1,1,1,1
382,7,5,Medical Professional aiding efforts against COVID-19,0.5,3,2,2,2,4,2,2,4,7,55,1,1,0,0,0,0,0,1,0,0
383,7,9,Homemaker,0.5,1,3,2,2,1,1,1,1,7,44,1,1,0,0,0,1,1,0,0,0
384,9,9,Working Professional,2.5,3,1,3,3,3,4,3,3,9,39,1,1,0,1,1,0,0,1,1,1
385,9,9,Working Professional,1.5,2,5,2,2,2,2,2,2,9,55,0,0,0,1,1,0,0,0,1,0
386,7,12,Working Professional,0.5,3,5,3,1,1,1,1,1,7,26,1,0,0,0,1,1,0,0,1,0
387,7,9,Working Professional,0.5,4,4,3,3,4,4,3,4,7,50,1,0,0,0,0,0,1,1,1,1
388,5,5,Working Professional,0.5,2,2,4,2,4,4,4,4,5,45,1,1,0,0,0,1,0,1,1,1
389,9,9,Working Professional,0.5,2,3,4,2,3,5,4,3,9,37,1,1,1,0,0,1,1,0,1,0
390,4,4,Homemaker,0.5,1,1,1,1,1,1,1,1,4,55,1,0,0,0,0,0,0,1,0,0
391,9,12,Entrepreneur,0.5,1,2,3,2,4,4,3,2,9,59,1,0,0,0,1,0,0,0,1,1
392,9,9,Working Professional,0.5,3,2,3,3,2,2,2,2,9,53,0,0,0,1,1,1,1,1,1,0
393,9,9,Working Professional,1.5,2,2,3,3,3,3,3,3,9,59,1,0,0,0,0,0,1,1,1,1
394,11,4,Currently Out of Work,1.5,2,4,3,2,1,3,2,3,11,51,0,1,0,1,1,0,0,1,1,1
395,7,5,Working Professional,1.5,4,4,2,3,3,2,2,3,7,57,0,0,1,0,0,1,0,0,1,0
396,9,9,Working Professional,0.5,2,3,4,2,3,5,4,3,9,35,1,1,1,0,0,1,1,0,1,0
397,5,7,Medical Professional aiding efforts against COVID-19,1.5,4,4,2,3,2,4,2,3,5,37,0,1,0,0,1,0,1,1,0,0
398,5,9,Entrepreneur,1.5,1,2,4,3,4,4,2,2,5,26,0,1,0,0,0,0,1,1,0,0
399,7,9,Entrepreneur,1.5,1,2,5,2,4,2,2,3,7,31,0,1,0,0,1,0,0,1,1,0
400,9,11,Working Professional,1.5,4,2,2,2,4,5,4,4,9,43,1,1,0,0,1,1,1,1,1,0
401,12,11,Student in College,1.5,2,3,3,2,3,3,2,4,12,24,1,0,0,0,1,1,1,1,1,1
402,7,7,Working Professional,2.5,5,4,2,4,4,5,4,4,7,57,1,0,0,1,1,0,1,0,0,0
403,12,12,Medical Professional aiding efforts against COVID-19,1.5,3,2,2,2,1,1,1,2,12,50,1,1,0,0,1,1,1,1,0,0
404,12,12,Medical Professional aiding efforts against COVID-19,2.5,3,3,2,1,1,1,1,2,12,53,1,1,0,0,1,1,0,0,1,0
405,7,4,Student in College,0.5,1,1,3,3,4,4,4,3,7,22,1,1,0,0,1,1,1,1,1,0
406,5,4,Student in College,0.5,3,2,3,2,3,4,2,3,5,12,1,0,0,1,1,1,1,1,1,0
407,5,5,Student in College,0.5,1,3,3,3,4,4,2,4,5,23,1,0,1,1,1,0,0,0,1,0
408,7,4,Student in College,0.5,4,5,2,3,3,4,3,4,7,12,0,1,0,0,0,0,0,1,1,0
409,9,9,Working Professional,0.5,5,5,1,3,4,4,2,3,9,35,1,1,1,0,1,0,1,1,1,0
410,11,12,Student in College,3,3,4,4,1,3,2,1,2,11,20,1,0,1,0,1,1,1,1,1,0
411,7,7,Student in College,0.5,1,3,4,2,2,3,3,4,7,22,1,0,1,0,1,1,1,1,1,0
412,9,9,Working Professional,0.5,1,3,2,2,4,5,5,5,9,24,1,1,0,0,1,1,0,0,1,1
413,5,11,Entrepreneur,0.5,1,1,5,1,5,5,5,5,5,19,1,1,1,1,0,0,1,0,0,1
414,9,11,Working Professional,0.5,4,5,3,3,3,3,3,3,9,32,1,0,0,0,1,1,1,1,0,0
415,7,4,Student in College,0.5,2,3,3,1,3,3,3,3,7,20,1,1,1,0,0,1,1,1,1,1
416,9,11,Working Professional,0.5,4,5,3,2,4,4,3,4,9,19,0,1,1,0,1,1,0,1,1,0
417,7,9,Working Professional,0.5,3,2,5,1,2,1,2,3,7,22,1,0,0,0,1,1,0,0,1,0
418,4,4,Working Professional,0.5,1,1,5,5,5,5,5,5,4,20,1,1,0,0,0,1,0,1,1,0
419,11,7,Student in School,0.5,2,3,4,5,2,4,4,4,11,17,0,0,0,1,0,1,0,0,1,1
420,7,5,Student in College,1.5,3,4,3,1,2,2,1,3,7,22,1,0,1,1,1,1,0,0,1,0
421,7,11,Student in College,0.5,5,4,1,1,1,1,1,1,7,20,0,1,0,0,1,1,1,1,1,0
422,5,7,Student in College,1.5,1,5,4,2,5,4,4,5,5,25,1,0,1,0,1,1,1,0,1,1
423,7,11,Student in School,0.5,4,2,4,5,4,5,3,4,7,12,1,0,0,0,1,0,0,0,1,0
424,9,9,Working Professional,1.5,1,3,3,3,4,3,2,2,9,53,1,1,1,1,1,1,1,0,1,1
425,9,7,Student in College,0.5,3,3,1,2,1,1,1,1,9,24,1,0,1,0,0,0,0,1,1,1
426,9,7,Working Professional,0.5,1,1,5,5,5,5,5,5,9,31,1,1,0,0,1,0,0,0,0,1
427,9,7,Working Professional,0.5,1,1,5,5,5,5,5,5,9,28,1,1,0,0,1,0,0,0,0,1
428,5,7,Medical Professional aiding efforts against COVID-19,1.5,4,4,2,3,2,4,2,3,5,40,0,1,0,0,1,0,1,1,0,0
429,9,9,Entrepreneur,0.5,2,1,4,2,2,4,3,3,9,48,0,0,1,0,0,0,0,1,0,0
430,7,5,Working Professional,1.5,4,3,1,4,3,5,4,3,7,39,0,1,0,0,0,0,0,1,1,0
431,9,11,Working Professional,0.5,1,5,5,1,4,4,3,3,9,31,1,1,1,1,1,1,1,1,1,0
432,7,9,Working Professional,0.5,4,4,2,2,2,1,2,2,7,53,0,1,0,0,1,1,1,1,0,0
433,7,7,Working Professional,0.5,1,3,4,4,4,4,4,4,7,42,1,0,0,0,1,0,0,0,0,1
434,9,7,Working Professional,0.5,1,1,5,5,5,5,5,5,9,28,1,1,0,0,1,0,0,0,0,1
435,9,7,Working Professional,0.5,1,1,5,5,5,5,5,5,9,31,1,1,0,0,1,0,0,0,0,1
436,5,7,Medical Professional aiding efforts against COVID-19,1.5,4,4,2,3,2,4,2,3,5,40,0,1,0,0,1,0,1,1,0,0
437,9,9,Entrepreneur,0.5,2,1,4,2,2,4,3,3,9,42,0,0,1,0,0,0,0,1,0,0
438,7,5,Working Professional,1.5,4,3,1,4,3,5,4,3,7,38,0,1,0,0,0,0,0,1,1,0
439,9,11,Working Professional,0.5,1,5,5,1,4,4,3,3,9,26,1,1,1,1,1,1,1,1,1,0
440,7,9,Working Professional,0.5,4,4,2,2,2,1,2,2,7,51,0,1,0,0,1,1,1,1,0,0
441,7,7,Working Professional,0.5,1,3,4,4,4,4,4,4,7,46,1,0,0,0,1,0,0,0,0,1
442,9,7,Working Professional,0.5,1,1,5,5,5,5,5,5,9,32,1,1,0,0,1,0,0,0,0,1
443,9,7,Working Professional,0.5,1,1,5,5,5,5,5,5,9,26,1,1,0,0,1,0,0,0,0,1
444,5,7,Medical Professional aiding efforts against COVID-19,1.5,4,4,2,3,2,4,2,3,5,35,0,1,0,0,1,0,1,1,0,0
445,9,9,Entrepreneur,0.5,2,1,4,2,2,4,3,3,9,47,0,0,1,0,0,0,0,1,0,0
446,7,5,Working Professional,1.5,4,3,1,4,3,5,4,3,7,39,0,1,0,0,0,0,0,1,1,0
447,9,11,Working Professional,0.5,1,5,5,1,4,4,3,3,9,32,1,1,1,1,1,1,1,1,1,0
448,7,9,Working Professional,0.5,4,4,2,2,2,1,2,2,7,59,0,1,0,0,1,1,1,1,0,0
449,7,7,Working Professional,0.5,1,3,4,4,4,4,4,4,7,40,1,0,0,0,1,0,0,0,0,1
450,9,7,Working Professional,0.5,1,1,5,5,5,5,5,5,9,27,1,1,0,0,1,0,0,0,0,1
451,9,7,Working Professional,0.5,1,1,5,5,5,5,5,5,9,31,1,1,0,0,1,0,0,0,0,1
452,5,7,Medical Professional aiding efforts against COVID-19,1.5,4,4,2,3,2,4,2,3,5,35,0,1,0,0,1,0,1,1,0,0
453,9,9,Entrepreneur,0.5,2,1,4,2,2,4,3,3,9,40,0,0,1,0,0,0,0,1,0,0
454,7,5,Working Professional,1.5,4,3,1,4,3,5,4,3,7,33,0,1,0,0,0,0,0,1,1,0
455,9,11,Working Professional,0.5,1,5,5,1,4,4,3,3,9,31,1,1,1,1,1,1,1,1,1,0
456,7,9,Working Professional,0.5,4,4,2,2,2,1,2,2,7,57,0,1,0,0,1,1,1,1,0,0
457,7,7,Working Professional,0.5,1,3,4,4,4,4,4,4,7,43,1,0,0,0,1,0,0,0,0,1
458,9,7,Working Professional,0.5,1,1,5,5,5,5,5,5,9,32,1,1,0,0,1,0,0,0,0,1
459,9,7,Working Professional,0.5,1,1,5,5,5,5,5,5,9,27,1,1,0,0,1,0,0,0,0,1
460,5,7,Medical Professional aiding efforts against COVID-19,1.5,4,4,2,3,2,4,2,3,5,35,0,1,0,0,1,0,1,1,0,0
461,9,9,Entrepreneur,0.5,2,1,4,2,2,4,3,3,9,49,0,0,1,0,0,0,0,1,0,0
462,7,5,Working Professional,1.5,4,3,1,4,3,5,4,3,7,39,0,1,0,0,0,0,0,1,1,0
463,9,11,Working Professional,0.5,1,5,5,1,4,4,3,3,9,32,1,1,1,1,1,1,1,1,1,0
464,7,9,Working Professional,0.5,4,4,2,2,2,1,2,2,7,57,0,1,0,0,1,1,1,1,0,0
465,7,7,Working Professional,0.5,1,3,4,4,4,4,4,4,7,42,1,0,0,0,1,0,0,0,0,1
466,9,7,Working Professional,0.5,1,1,5,5,5,5,5,5,9,27,1,1,0,0,1,0,0,0,0,1
467,9,7,Working Professional,0.5,1,1,5,5,5,5,5,5,9,29,1,1,0,0,1,0,0,0,0,1
468,5,7,Medical Professional aiding efforts against COVID-19,1.5,4,4,2,3,2,4,2,3,5,36,0,1,0,0,1,0,1,1,0,0
469,9,9,Entrepreneur,0.5,2,1,4,2,2,4,3,3,9,49,0,0,1,0,0,0,0,1,0,0
470,7,5,Working Professional,1.5,4,3,1,4,3,5,4,3,7,33,0,1,0,0,0,0,0,1,1,0
471,9,11,Working Professional,0.5,1,5,5,1,4,4,3,3,9,28,1,1,1,1,1,1,1,1,1,0
472,7,9,Working Professional,0.5,4,4,2,2,2,1,2,2,7,54,0,1,0,0,1,1,1,1,0,0
473,7,7,Working Professional,0.5,1,3,4,4,4,4,4,4,7,49,1,0,0,0,1,0,0,0,0,1
474,9,7,Working Professional,0.5,1,1,5,5,5,5,5,5,9,31,1,1,0,0,1,0,0,0,0,1
475,9,7,Working Professional,0.5,1,1,5,5,5,5,5,5,9,29,1,1,0,0,1,0,0,0,0,1
476,5,7,Medical Professional aiding efforts against COVID-19,1.5,4,4,2,3,2,4,2,3,5,38,0,1,0,0,1,0,1,1,0,0
477,9,9,Entrepreneur,0.5,2,1,4,2,2,4,3,3,9,47,0,0,1,0,0,0,0,1,0,0
478,7,5,Working Professional,1.5,4,3,1,4,3,5,4,3,7,38,0,1,0,0,0,0,0,1,1,0
479,9,11,Working Professional,0.5,1,5,5,1,4,4,3,3,9,30,1,1,1,1,1,1,1,1,1,0
480,7,9,Working Professional,0.5,4,4,2,2,2,1,2,2,7,50,0,1,0,0,1,1,1,1,0,0
481,7,7,Working Professional,0.5,1,3,4,4,4,4,4,4,7,48,1,0,0,0,1,0,0,0,0,1
482,9,5,Currently Out of Work,1.5,4,3,1,5,5,5,5,5,9,73,1,1,1,0,0,0,0,1,1,0
483,5,12,Homemaker,0.5,1,2,5,2,2,2,2,2,5,55,0,1,1,0,0,0,0,1,0,1
484,5,9,Entrepreneur,1.5,2,2,4,4,5,5,5,3,5,29,1,1,1,0,0,1,0,1,0,1
485,7,9,Working Professional,1.5,1,1,4,4,5,5,3,4,7,28,0,1,0,0,0,1,0,1,1,0
486,9,9,Working Professional,2.5,2,2,3,3,4,4,4,4,9,41,1,1,1,0,0,1,1,1,0,0
487,9,7,Working Professional,0.5,1,1,5,5,5,5,5,5,9,29,1,1,0,0,1,0,0,0,0,1
488,5,7,Medical Professional aiding efforts against COVID-19,1.5,4,4,2,3,2,4,2,3,5,33,0,1,0,0,1,0,1,1,0,0
489,9,9,Entrepreneur,0.5,2,1,4,2,2,4,3,3,9,40,0,0,1,0,0,0,0,1,0,0
490,7,5,Working Professional,1.5,4,3,1,4,3,5,4,3,7,40,0,1,0,0,0,0,0,1,1,0
491,9,11,Working Professional,0.5,1,5,5,1,4,4,3,3,9,30,1,1,1,1,1,1,1,1,1,0
492,7,9,Working Professional,0.5,4,4,2,2,2,1,2,2,7,53,0,1,0,0,1,1,1,1,0,0
493,7,7,Working Professional,0.5,1,3,4,4,4,4,4,4,7,43,1,0,0,0,1,0,0,0,0,1
494,9,5,Currently Out of Work,1.5,4,3,1,5,5,5,5,5,9,73,1,1,1,0,0,0,0,1,1,0
495,5,12,Homemaker,0.5,1,2,5,2,2,2,2,2,5,50,0,1,1,0,0,0,0,1,0,1
496,5,9,Entrepreneur,1.5,2,2,4,4,5,5,5,3,5,30,1,1,1,0,0,1,0,1,0,1
497,7,9,Working Professional,1.5,1,1,4,4,5,5,3,4,7,30,0,1,0,0,0,1,0,1,1,0
498,9,9,Working Professional,2.5,2,2,3,3,4,4,4,4,9,40,1,1,1,0,0,1,1,1,0,0
499,9,7,Working Professional,0.5,1,1,5,5,5,5,5,5,9,30,1,1,0,0,1,0,0,0,0,1
500,5,7,Medical Professional aiding efforts against COVID-19,1.5,4,4,2,3,2,4,2,3,5,35,0,1,0,0,1,0,1,1,0,0
501,9,9,Entrepreneur,0.5,2,1,4,2,2,4,3,3,9,44,0,0,1,0,0,0,0,1,0,0
502,7,5,Working Professional,1.5,4,3,1,4,3,5,4,3,7,40,0,1,0,0,0,0,0,1,1,0
503,9,11,Working Professional,0.5,1,5,5,1,4,4,3,3,9,31,1,1,1,1,1,1,1,1,1,0
504,7,9,Working Professional,0.5,4,4,2,2,2,1,2,2,7,51,0,1,0,0,1,1,1,1,0,0
505,7,7,Working Professional,0.5,1,3,4,4,4,4,4,4,7,44,1,0,0,0,1,0,0,0,0,1
506,9,5,Currently Out of Work,1.5,4,3,1,5,5,5,5,5,9,72,1,1,1,0,0,0,0,1,1,0
507,5,12,Homemaker,0.5,1,2,5,2,2,2,2,2,5,56,0,1,1,0,0,0,0,1,0,1
508,5,9,Entrepreneur,1.5,2,2,4,4,5,5,5,3,5,28,1,1,1,0,0,1,0,1,0,1
509,7,9,Working Professional,1.5,1,1,4,4,5,5,3,4,7,29,0,1,0,0,0,1,0,1,1,0
510,9,9,Working Professional,2.5,2,2,3,3,4,4,4,4,9,43,1,1,1,0,0,1,1,1,0,0
511,9,7,Working Professional,0.5,1,1,5,5,5,5,5,5,9,29,1,1,0,0,1,0,0,0,0,1
512,5,7,Medical Professional aiding efforts against COVID-19,1.5,4,4,2,3,2,4,2,3,5,36,0,1,0,0,1,0,1,1,0,0
513,9,9,Entrepreneur,0.5,2,1,4,2,2,4,3,3,9,45,0,0,1,0,0,0,0,1,0,0
514,7,5,Working Professional,1.5,4,3,1,4,3,5,4,3,7,40,0,1,0,0,0,0,0,1,1,0
515,9,11,Working Professional,0.5,1,5,5,1,4,4,3,3,9,30,1,1,1,1,1,1,1,1,1,0
516,7,9,Working Professional,0.5,4,4,2,2,2,1,2,2,7,60,0,1,0,0,1,1,1,1,0,0
517,7,7,Working Professional,0.5,1,3,4,4,4,4,4,4,7,45,1,0,0,0,1,0,0,0,0,1
518,9,5,Currently Out of Work,1.5,4,3,1,5,5,5,5,5,9,65,1,1,1,0,0,0,0,1,1,0
519,5,12,Homemaker,0.5,1,2,5,2,2,2,2,2,5,58,0,1,1,0,0,0,0,1,0,1
520,5,9,Entrepreneur,1.5,2,2,4,4,5,5,5,3,5,28,1,1,1,0,0,1,0,1,0,1
521,7,9,Working Professional,1.5,1,1,4,4,5,5,3,4,7,26,0,1,0,0,0,1,0,1,1,0
522,9,9,Working Professional,2.5,2,2,3,3,4,4,4,4,9,42,1,1,1,0,0,1,1,1,0,0
523,9,7,Working Professional,0.5,1,1,5,5,5,5,5,5,9,27,1,1,0,0,1,0,0,0,0,1
524,5,7,Medical Professional aiding efforts against COVID-19,1.5,4,4,2,3,2,4,2,3,5,34,0,1,0,0,1,0,1,1,0,0
525,9,9,Entrepreneur,0.5,2,1,4,2,2,4,3,3,9,50,0,0,1,0,0,0,0,1,0,0
526,7,5,Working Professional,1.5,4,3,1,4,3,5,4,3,7,36,0,1,0,0,0,0,0,1,1,0
527,9,11,Working Professional,0.5,1,5,5,1,4,4,3,3,9,28,1,1,1,1,1,1,1,1,1,0
528,7,9,Working Professional,0.5,4,4,2,2,2,1,2,2,7,50,0,1,0,0,1,1,1,1,0,0
529,7,7,Working Professional,0.5,1,3,4,4,4,4,4,4,7,41,1,0,0,0,1,0,0,0,0,1
530,9,5,Currently Out of Work,1.5,4,3,1,5,5,5,5,5,9,69,1,1,1,0,0,0,0,1,1,0
531,5,12,Homemaker,0.5,1,2,5,2,2,2,2,2,5,55,0,1,1,0,0,0,0,1,0,1
532,5,9,Entrepreneur,1.5,2,2,4,4,5,5,5,3,5,32,1,1,1,0,0,1,0,1,0,1
533,7,9,Working Professional,1.5,1,1,4,4,5,5,3,4,7,27,0,1,0,0,0,1,0,1,1,0
534,9,9,Working Professional,2.5,2,2,3,3,4,4,4,4,9,48,1,1,1,0,0,1,1,1,0,0
535,9,7,Working Professional,0.5,1,1,5,5,5,5,5,5,9,26,1,1,0,0,1,0,0,0,0,1
536,5,7,Medical Professional aiding efforts against COVID-19,1.5,4,4,2,3,2,4,2,3,5,39,0,1,0,0,1,0,1,1,0,0
537,9,9,Entrepreneur,0.5,2,1,4,2,2,4,3,3,9,43,0,0,1,0,0,0,0,1,0,0
538,7,5,Working Professional,1.5,4,3,1,4,3,5,4,3,7,37,0,1,0,0,0,0,0,1,1,0
539,9,11,Working Professional,0.5,1,5,5,1,4,4,3,3,9,29,1,1,1,1,1,1,1,1,1,0
540,7,9,Working Professional,0.5,4,4,2,2,2,1,2,2,7,52,0,1,0,0,1,1,1,1,0,0
541,7,7,Working Professional,0.5,1,3,4,4,4,4,4,4,7,50,1,0,0,0,1,0,0,0,0,1
542,9,5,Currently Out of Work,1.5,4,3,1,5,5,5,5,5,9,69,1,1,1,0,0,0,0,1,1,0
543,5,12,Homemaker,0.5,1,2,5,2,2,2,2,2,5,59,0,1,1,0,0,0,0,1,0,1
544,5,9,Entrepreneur,1.5,2,2,4,4,5,5,5,3,5,29,1,1,1,0,0,1,0,1,0,1
545,7,9,Working Professional,1.5,1,1,4,4,5,5,3,4,7,28,0,1,0,0,0,1,0,1,1,0
546,9,9,Working Professional,2.5,2,2,3,3,4,4,4,4,9,41,1,1,1,0,0,1,1,1,0,0
547,9,7,Working Professional,0.5,1,1,5,5,5,5,5,5,9,30,1,1,0,0,1,0,0,0,0,1
548,5,7,Medical Professional aiding efforts against COVID-19,1.5,4,4,2,3,2,4,2,3,5,36,0,1,0,0,1,0,1,1,0,0
549,9,9,Entrepreneur,0.5,2,1,4,2,2,4,3,3,9,46,0,0,1,0,0,0,0,1,0,0
550,7,5,Working Professional,1.5,4,3,1,4,3,5,4,3,7,40,0,1,0,0,0,0,0,1,1,0
551,9,11,Working Professional,0.5,1,5,5,1,4,4,3,3,9,31,1,1,1,1,1,1,1,1,1,0
552,7,9,Working Professional,0.5,4,4,2,2,2,1,2,2,7,55,0,1,0,0,1,1,1,1,0,0
553,7,7,Working Professional,0.5,1,3,4,4,4,4,4,4,7,47,1,0,0,0,1,0,0,0,0,1
554,9,5,Currently Out of Work,1.5,4,3,1,5,5,5,5,5,9,74,1,1,1,0,0,0,0,1,1,0
555,5,12,Homemaker,0.5,1,2,5,2,2,2,2,2,5,52,0,1,1,0,0,0,0,1,0,1
556,5,9,Entrepreneur,1.5,2,2,4,4,5,5,5,3,5,32,1,1,1,0,0,1,0,1,0,1
557,7,9,Working Professional,1.5,1,1,4,4,5,5,3,4,7,30,0,1,0,0,0,1,0,1,1,0
558,9,9,Working Professional,2.5,2,2,3,3,4,4,4,4,9,48,1,1,1,0,0,1,1,1,0,0
559,4,4,Homemaker,0.5,1,1,1,1,1,1,1,1,4,50,1,0,0,0,0,0,0,1,0,0
560,7,5,Working Professional,1.5,4,3,1,4,3,5,4,3,7,40,0,1,0,0,0,0,0,1,1,0
561,9,11,Working Professional,0.5,1,5,5,1,4,4,3,3,9,32,1,1,1,1,1,1,1,1,1,0
562,7,9,Working Professional,0.5,4,4,2,2,2,1,2,2,7,59,0,1,0,0,1,1,1,1,0,0
563,7,7,Working Professional,0.5,1,3,4,4,4,4,4,4,7,43,1,0,0,0,1,0,0,0,0,1
564,9,5,Currently Out of Work,1.5,4,3,1,5,5,5,5,5,9,68,1,1,1,0,0,0,0,1,1,0
565,5,12,Homemaker,0.5,1,2,5,2,2,2,2,2,5,59,0,1,1,0,0,0,0,1,0,1
566,5,9,Entrepreneur,1.5,2,2,4,4,5,5,5,3,5,29,1,1,1,0,0,1,0,1,0,1
567,7,9,Working Professional,1.5,1,1,4,4,5,5,3,4,7,26,0,1,0,0,0,1,0,1,1,0
568,9,9,Working Professional,2.5,2,2,3,3,4,4,4,4,9,43,1,1,1,0,0,1,1,1,0,0
569,5,9,Entrepreneur,1.5,2,2,4,4,5,5,5,3,5,27,1,1,1,0,0,1,0,1,0,1
570,7,9,Working Professional,1.5,1,1,4,4,5,5,3,4,7,31,0,1,0,0,0,1,0,1,1,0
571,9,9,Working Professional,2.5,2,2,3,3,4,4,4,4,9,40,1,1,1,0,0,1,1,1,0,0
572,4,4,Homemaker,0.5,1,1,1,1,1,1,1,1,4,53,1,0,0,0,0,0,0,1,0,0
573,7,5,Working Professional,1.5,4,3,1,4,3,5,4,3,7,33,0,1,0,0,0,0,0,1,1,0
574,9,11,Working Professional,0.5,1,5,5,1,4,4,3,3,9,29,1,1,1,1,1,1,1,1,1,0
575,7,9,Working Professional,0.5,4,4,2,2,2,1,2,2,7,52,0,1,0,0,1,1,1,1,0,0
576,7,7,Working Professional,0.5,1,3,4,4,4,4,4,4,7,44,1,0,0,0,1,0,0,0,0,1
577,9,5,Currently Out of Work,1.5,4,3,1,5,5,5,5,5,9,72,1,1,1,0,0,0,0,1,1,0
578,5,12,Homemaker,0.5,1,2,5,2,2,2,2,2,5,55,0,1,1,0,0,0,0,1,0,1
579,5,9,Entrepreneur,1.5,2,2,4,4,5,5,5,3,5,28,1,1,1,0,0,1,0,1,0,1
580,7,9,Working Professional,1.5,1,1,4,4,5,5,3,4,7,31,0,1,0,0,0,1,0,1,1,0
581,9,9,Working Professional,2.5,2,2,3,3,4,4,4,4,9,49,1,1,1,0,0,1,1,1,0,0
582,5,9,Entrepreneur,1.5,2,2,4,4,5,5,5,3,5,26,1,1,1,0,0,1,0,1,0,1
583,7,9,Working Professional,1.5,1,1,4,4,5,5,3,4,7,29,0,1,0,0,0,1,0,1,1,0
584,9,9,Working Professional,2.5,2,2,3,3,4,4,4,4,9,48,1,1,1,0,0,1,1,1,0,0
585,4,4,Homemaker,0.5,1,1,1,1,1,1,1,1,4,54,1,0,0,0,0,0,0,1,0,0
586,7,5,Working Professional,1.5,4,3,1,4,3,5,4,3,7,34,0,1,0,0,0,0,0,1,1,0
587,9,11,Working Professional,0.5,1,5,5,1,4,4,3,3,9,28,1,1,1,1,1,1,1,1,1,0
588,7,9,Working Professional,0.5,4,4,2,2,2,1,2,2,7,54,0,1,0,0,1,1,1,1,0,0
589,7,7,Working Professional,0.5,1,3,4,4,4,4,4,4,7,41,1,0,0,0,1,0,0,0,0,1
590,9,5,Currently Out of Work,1.5,4,3,1,5,5,5,5,5,9,63,1,1,1,0,0,0,0,1,1,0
591,5,12,Homemaker,0.5,1,2,5,2,2,2,2,2,5,51,0,1,1,0,0,0,0,1,0,1
592,5,9,Entrepreneur,1.5,2,2,4,4,5,5,5,3,5,32,1,1,1,0,0,1,0,1,0,1
593,7,9,Working Professional,1.5,1,1,4,4,5,5,3,4,7,28,0,1,0,0,0,1,0,1,1,0
594,9,9,Working Professional,2.5,2,2,3,3,4,4,4,4,9,40,1,1,1,0,0,1,1,1,0,0
595,5,9,Entrepreneur,1.5,2,2,4,4,5,5,5,3,5,30,1,1,1,0,0,1,0,1,0,1
596,7,9,Working Professional,1.5,1,1,4,4,5,5,3,4,7,29,0,1,0,0,0,1,0,1,1,0
597,9,9,Working Professional,2.5,2,2,3,3,4,4,4,4,9,43,1,1,1,0,0,1,1,1,0,0
598,4,4,Homemaker,0.5,1,1,1,1,1,1,1,1,4,59,1,0,0,0,0,0,0,1,0,0
599,7,5,Working Professional,1.5,4,3,1,4,3,5,4,3,7,37,0,1,0,0,0,0,0,1,1,0
600,9,11,Working Professional,0.5,1,5,5,1,4,4,3,3,9,26,1,1,1,1,1,1,1,1,1,0
601,7,9,Working Professional,0.5,4,4,2,2,2,1,2,2,7,52,0,1,0,0,1,1,1,1,0,0
602,7,7,Working Professional,0.5,1,3,4,4,4,4,4,4,7,50,1,0,0,0,1,0,0,0,0,1
603,9,5,Currently Out of Work,1.5,4,3,1,5,5,5,5,5,9,75,1,1,1,0,0,0,0,1,1,0
604,5,12,Homemaker,0.5,1,2,5,2,2,2,2,2,5,55,0,1,1,0,0,0,0,1,0,1
605,5,9,Entrepreneur,1.5,2,2,4,4,5,5,5,3,5,27,1,1,1,0,0,1,0,1,0,1
606,7,9,Working Professional,1.5,1,1,4,4,5,5,3,4,7,28,0,1,0,0,0,1,0,1,1,0
607,9,9,Working Professional,2.5,2,2,3,3,4,4,4,4,9,49,1,1,1,0,0,1,1,1,0,0
608,5,9,Entrepreneur,1.5,2,2,4,4,5,5,5,3,5,31,1,1,1,0,0,1,0,1,0,1
609,7,9,Working Professional,1.5,1,1,4,4,5,5,3,4,7,31,0,1,0,0,0,1,0,1,1,0
610,9,9,Working Professional,2.5,2,2,3,3,4,4,4,4,9,43,1,1,1,0,0,1,1,1,0,0
611,4,4,Homemaker,0.5,1,1,1,1,1,1,1,1,4,55,1,0,0,0,0,0,0,1,0,0
612,7,5,Working Professional,1.5,4,3,1,4,3,5,4,3,7,35,0,1,0,0,0,0,0,1,1,0
613,9,11,Working Professional,0.5,1,5,5,1,4,4,3,3,9,26,1,1,1,1,1,1,1,1,1,0
614,7,9,Working Professional,0.5,4,4,2,2,2,1,2,2,7,58,0,1,0,0,1,1,1,1,0,0
615,7,7,Working Professional,0.5,1,3,4,4,4,4,4,4,7,41,1,0,0,0,1,0,0,0,0,1
616,9,5,Currently Out of Work,1.5,4,3,1,5,5,5,5,5,9,68,1,1,1,0,0,0,0,1,1,0
617,5,12,Homemaker,0.5,1,2,5,2,2,2,2,2,5,51,0,1,1,0,0,0,0,1,0,1
618,5,9,Entrepreneur,1.5,2,2,4,4,5,5,5,3,5,31,1,1,1,0,0,1,0,1,0,1
619,7,9,Working Professional,1.5,1,1,4,4,5,5,3,4,7,27,0,1,0,0,0,1,0,1,1,0
620,9,9,Working Professional,2.5,2,2,3,3,4,4,4,4,9,50,1,1,1,0,0,1,1,1,0,0
621,5,9,Entrepreneur,1.5,2,2,4,4,5,5,5,3,5,32,1,1,1,0,0,1,0,1,0,1
622,7,9,Working Professional,1.5,1,1,4,4,5,5,3,4,7,26,0,1,0,0,0,1,0,1,1,0
623,9,9,Working Professional,2.5,2,2,3,3,4,4,4,4,9,40,1,1,1,0,0,1,1,1,0,0
624,4,4,Homemaker,0.5,1,1,1,1,1,1,1,1,4,50,1,0,0,0,0,0,0,1,0,0
625,7,5,Working Professional,1.5,4,3,1,4,3,5,4,3,7,35,0,1,0,0,0,0,0,1,1,0
626,9,11,Working Professional,0.5,1,5,5,1,4,4,3,3,9,27,1,1,1,1,1,1,1,1,1,0
627,7,9,Working Professional,0.5,4,4,2,2,2,1,2,2,7,50,0,1,0,0,1,1,1,1,0,0
628,7,7,Working Professional,0.5,1,3,4,4,4,4,4,4,7,46,1,0,0,0,1,0,0,0,0,1
629,9,5,Currently Out of Work,1.5,4,3,1,5,5,5,5,5,9,68,1,1,1,0,0,0,0,1,1,0
630,5,12,Homemaker,0.5,1,2,5,2,2,2,2,2,5,60,0,1,1,0,0,0,0,1,0,1
631,5,9,Entrepreneur,1.5,2,2,4,4,5,5,5,3,5,26,1,1,1,0,0,1,0,1,0,1
632,7,9,Working Professional,1.5,1,1,4,4,5,5,3,4,7,32,0,1,0,0,0,1,0,1,1,0
633,9,9,Working Professional,2.5,2,2,3,3,4,4,4,4,9,47,1,1,1,0,0,1,1,1,0,0
634,5,9,Entrepreneur,1.5,2,2,4,4,5,5,5,3,5,30,1,1,1,0,0,1,0,1,0,1
635,7,9,Working Professional,1.5,1,1,4,4,5,5,3,4,7,26,0,1,0,0,0,1,0,1,1,0
636,9,9,Working Professional,2.5,2,2,3,3,4,4,4,4,9,48,1,1,1,0,0,1,1,1,0,0
637,4,4,Homemaker,0.5,1,1,1,1,1,1,1,1,4,51,1,0,0,0,0,0,0,1,0,0
638,7,5,Working Professional,1.5,4,3,1,4,3,5,4,3,7,40,0,1,0,0,0,0,0,1,1,0
639,9,11,Working Professional,0.5,1,5,5,1,4,4,3,3,9,31,1,1,1,1,1,1,1,1,1,0
640,7,9,Working Professional,0.5,4,4,2,2,2,1,2,2,7,60,0,1,0,0,1,1,1,1,0,0
641,7,7,Working Professional,0.5,1,3,4,4,4,4,4,4,7,40,1,0,0,0,1,0,0,0,0,1
642,9,5,Currently Out of Work,1.5,4,3,1,5,5,5,5,5,9,72,1,1,1,0,0,0,0,1,1,0
643,5,12,Homemaker,0.5,1,2,5,2,2,2,2,2,5,56,0,1,1,0,0,0,0,1,0,1
644,5,9,Entrepreneur,1.5,2,2,4,4,5,5,5,3,5,31,1,1,1,0,0,1,0,1,0,1
645,7,9,Working Professional,1.5,1,1,4,4,5,5,3,4,7,28,0,1,0,0,0,1,0,1,1,0
646,9,9,Working Professional,2.5,2,2,3,3,4,4,4,4,9,49,1,1,1,0,0,1,1,1,0,0
647,5,9,Entrepreneur,1.5,2,2,4,4,5,5,5,3,5,27,1,1,1,0,0,1,0,1,0,1
648,7,9,Working Professional,1.5,1,1,4,4,5,5,3,4,7,29,0,1,0,0,0,1,0,1,1,0
649,9,9,Working Professional,2.5,2,2,3,3,4,4,4,4,9,41,1,1,1,0,0,1,1,1,0,0
650,4,4,Homemaker,0.5,1,1,1,1,1,1,1,1,4,50,1,0,0,0,0,0,0,1,0,0
651,7,5,Working Professional,1.5,4,3,1,4,3,5,4,3,7,39,0,1,0,0,0,0,0,1,1,0
652,9,11,Working Professional,0.5,1,5,5,1,4,4,3,3,9,26,1,1,1,1,1,1,1,1,1,0
653,7,9,Working Professional,0.5,4,4,2,2,2,1,2,2,7,58,0,1,0,0,1,1,1,1,0,0
654,7,7,Working Professional,0.5,1,3,4,4,4,4,4,4,7,43,1,0,0,0,1,0,0,0,0,1
655,9,5,Currently Out of Work,1.5,4,3,1,5,5,5,5,5,9,61,1,1,1,0,0,0,0,1,1,0
656,5,12,Homemaker,0.5,1,2,5,2,2,2,2,2,5,59,0,1,1,0,0,0,0,1,0,1
657,5,9,Entrepreneur,1.5,2,2,4,4,5,5,5,3,5,30,1,1,1,0,0,1,0,1,0,1
658,7,9,Working Professional,1.5,1,1,4,4,5,5,3,4,7,30,0,1,0,0,0,1,0,1,1,0
659,9,9,Working Professional,2.5,2,2,3,3,4,4,4,4,9,42,1,1,1,0,0,1,1,1,0,0
660,7,7,Working Professional,2.5,5,4,2,4,4,5,4,4,7,59,1,0,0,1,1,0,1,0,0,0
661,12,12,Medical Professional aiding efforts against COVID-19,1.5,3,2,2,2,1,1,1,2,12,50,1,1,0,0,1,1,1,1,0,0
662,12,12,Medical Professional aiding efforts against COVID-19,2.5,3,3,2,1,1,1,1,2,12,55,1,1,0,0,1,1,0,0,1,0
663,7,4,Student in College,0.5,1,1,3,3,4,4,4,3,7,24,1,1,0,0,1,1,1,1,1,0
664,5,4,Student in College,0.5,3,2,3,2,3,4,2,3,5,17,1,0,0,1,1,1,1,1,1,0
665,5,5,Student in College,0.5,1,3,3,3,4,4,2,4,5,20,1,0,1,1,1,0,0,0,1,0
666,7,4,Student in College,0.5,4,5,2,3,3,4,3,4,7,13,0,1,0,0,0,0,0,1,1,0
667,9,9,Working Professional,0.5,5,5,1,3,4,4,2,3,9,34,1,1,1,0,1,0,1,1,1,0
668,11,12,Student in College,3,3,4,4,1,3,2,1,2,11,23,1,0,1,0,1,1,1,1,1,0
669,7,7,Student in College,0.5,1,3,4,2,2,3,3,4,7,23,1,0,1,0,1,1,1,1,1,0
670,9,9,Working Professional,0.5,1,3,2,2,4,5,5,5,9,21,1,1,0,0,1,1,0,0,1,1
671,5,11,Entrepreneur,0.5,1,1,5,1,5,5,5,5,5,23,1,1,1,1,0,0,1,0,0,1
672,9,11,Working Professional,0.5,4,5,3,3,3,3,3,3,9,30,1,0,0,0,1,1,1,1,0,0
673,7,4,Student in College,0.5,2,3,3,1,3,3,3,3,7,24,1,1,1,0,0,1,1,1,1,1
674,4,4,Homemaker,0.5,1,1,1,1,1,1,1,1,4,60,1,0,0,0,0,0,0,1,0,0
675,7,5,Working Professional,1.5,4,3,1,4,3,5,4,3,7,39,0,1,0,0,0,0,0,1,1,0
676,9,11,Working Professional,0.5,1,5,5,1,4,4,3,3,9,29,1,1,1,1,1,1,1,1,1,0
677,7,9,Working Professional,0.5,4,4,2,2,2,1,2,2,7,53,0,1,0,0,1,1,1,1,0,0
678,7,7,Working Professional,0.5,1,3,4,4,4,4,4,4,7,48,1,0,0,0,1,0,0,0,0,1
679,9,5,Currently Out of Work,1.5,4,3,1,5,5,5,5,5,9,68,1,1,1,0,0,0,0,1,1,0
680,5,12,Homemaker,0.5,1,2,5,2,2,2,2,2,5,58,0,1,1,0,0,0,0,1,0,1
681,5,9,Entrepreneur,1.5,2,2,4,4,5,5,5,3,5,30,1,1,1,0,0,1,0,1,0,1
682,7,9,Working Professional,1.5,1,1,4,4,5,5,3,4,7,27,0,1,0,0,0,1,0,1,1,0
683,9,9,Working Professional,2.5,2,2,3,3,4,4,4,4,9,46,1,1,1,0,0,1,1,1,0,0
684,7,7,Working Professional,2.5,5,4,2,4,4,5,4,4,7,58,1,0,0,1,1,0,1,0,0,0
685,12,12,Medical Professional aiding efforts against COVID-19,1.5,3,2,2,2,1,1,1,2,12,47,1,1,0,0,1,1,1,1,0,0
686,12,12,Medical Professional aiding efforts against COVID-19,2.5,3,3,2,1,1,1,1,2,12,60,1,1,0,0,1,1,0,0,1,0
687,7,4,Student in College,0.5,1,1,3,3,4,4,4,3,7,23,1,1,0,0,1,1,1,1,1,0
688,5,4,Student in College,0.5,3,2,3,2,3,4,2,3,5,12,1,0,0,1,1,1,1,1,1,0
689,5,5,Student in College,0.5,1,3,3,3,4,4,2,4,5,25,1,0,1,1,1,0,0,0,1,0
690,7,4,Student in College,0.5,4,5,2,3,3,4,3,4,7,16,0,1,0,0,0,0,0,1,1,0
691,9,9,Working Professional,0.5,5,5,1,3,4,4,2,3,9,38,1,1,1,0,1,0,1,1,1,0
692,11,12,Student in College,3,3,4,4,1,3,2,1,2,11,23,1,0,1,0,1,1,1,1,1,0
693,7,7,Student in College,0.5,1,3,4,2,2,3,3,4,7,22,1,0,1,0,1,1,1,1,1,0
694,9,9,Working Professional,0.5,1,3,2,2,4,5,5,5,9,19,1,1,0,0,1,1,0,0,1,1
695,5,11,Entrepreneur,0.5,1,1,5,1,5,5,5,5,5,20,1,1,1,1,0,0,1,0,0,1
696,9,11,Working Professional,0.5,4,5,3,3,3,3,3,3,9,27,1,0,0,0,1,1,1,1,0,0
697,7,4,Student in College,0.5,2,3,3,1,3,3,3,3,7,24,1,1,1,0,0,1,1,1,1,1
698,4,4,Homemaker,0.5,1,1,1,1,1,1,1,1,4,56,1,0,0,0,0,0,0,1,0,0
699,7,5,Working Professional,1.5,4,3,1,4,3,5,4,3,7,33,0,1,0,0,0,0,0,1,1,0
700,9,11,Working Professional,0.5,1,5,5,1,4,4,3,3,9,29,1,1,1,1,1,1,1,1,1,0
701,7,9,Working Professional,0.5,4,4,2,2,2,1,2,2,7,58,0,1,0,0,1,1,1,1,0,0
702,7,7,Working Professional,0.5,1,3,4,4,4,4,4,4,7,47,1,0,0,0,1,0,0,0,0,1
703,9,5,Currently Out of Work,1.5,4,3,1,5,5,5,5,5,9,69,1,1,1,0,0,0,0,1,1,0
704,5,12,Homemaker,0.5,1,2,5,2,2,2,2,2,5,54,0,1,1,0,0,0,0,1,0,1
705,5,9,Entrepreneur,1.5,2,2,4,4,5,5,5,3,5,28,1,1,1,0,0,1,0,1,0,1
706,7,9,Working Professional,1.5,1,1,4,4,5,5,3,4,7,26,0,1,0,0,0,1,0,1,1,0
707,9,9,Working Professional,2.5,2,2,3,3,4,4,4,4,9,46,1,1,1,0,0,1,1,1,0,0
708,7,7,Working Professional,2.5,5,4,2,4,4,5,4,4,7,58,1,0,0,1,1,0,1,0,0,0
709,12,12,Medical Professional aiding efforts against COVID-19,1.5,3,2,2,2,1,1,1,2,12,48,1,1,0,0,1,1,1,1,0,0
710,12,12,Medical Professional aiding efforts against COVID-19,2.5,3,3,2,1,1,1,1,2,12,60,1,1,0,0,1,1,0,0,1,0
711,7,4,Student in College,0.5,1,1,3,3,4,4,4,3,7,24,1,1,0,0,1,1,1,1,1,0
712,5,4,Student in College,0.5,3,2,3,2,3,4,2,3,5,13,1,0,0,1,1,1,1,1,1,0
713,5,5,Student in College,0.5,1,3,3,3,4,4,2,4,5,23,1,0,1,1,1,0,0,0,1,0
714,7,4,Student in College,0.5,4,5,2,3,3,4,3,4,7,15,0,1,0,0,0,0,0,1,1,0
715,9,9,Working Professional,0.5,5,5,1,3,4,4,2,3,9,37,1,1,1,0,1,0,1,1,1,0
716,11,12,Student in College,3,3,4,4,1,3,2,1,2,11,19,1,0,1,0,1,1,1,1,1,0
717,7,7,Student in College,0.5,1,3,4,2,2,3,3,4,7,22,1,0,1,0,1,1,1,1,1,0
718,9,9,Working Professional,0.5,1,3,2,2,4,5,5,5,9,22,1,1,0,0,1,1,0,0,1,1
719,5,11,Entrepreneur,0.5,1,1,5,1,5,5,5,5,5,19,1,1,1,1,0,0,1,0,0,1
720,9,11,Working Professional,0.5,4,5,3,3,3,3,3,3,9,31,1,0,0,0,1,1,1,1,0,0
721,7,4,Student in College,0.5,2,3,3,1,3,3,3,3,7,23,1,1,1,0,0,1,1,1,1,1
722,4,4,Homemaker,0.5,1,1,1,1,1,1,1,1,4,52,1,0,0,0,0,0,0,1,0,0
723,7,5,Working Professional,1.5,4,3,1,4,3,5,4,3,7,38,0,1,0,0,0,0,0,1,1,0
724,9,11,Working Professional,0.5,1,5,5,1,4,4,3,3,9,26,1,1,1,1,1,1,1,1,1,0
725,7,9,Working Professional,0.5,4,4,2,2,2,1,2,2,7,57,0,1,0,0,1,1,1,1,0,0
726,7,7,Working Professional,0.5,1,3,4,4,4,4,4,4,7,43,1,0,0,0,1,0,0,0,0,1
727,9,5,Currently Out of Work,1.5,4,3,1,5,5,5,5,5,9,65,1,1,1,0,0,0,0,1,1,0
728,5,12,Homemaker,0.5,1,2,5,2,2,2,2,2,5,60,0,1,1,0,0,0,0,1,0,1
729,5,9,Entrepreneur,1.5,2,2,4,4,5,5,5,3,5,32,1,1,1,0,0,1,0,1,0,1
730,7,9,Working Professional,1.5,1,1,4,4,5,5,3,4,7,31,0,1,0,0,0,1,0,1,1,0
731,9,9,Working Professional,2.5,2,2,3,3,4,4,4,4,9,45,1,1,1,0,0,1,1,1,0,0
732,7,7,Working Professional,2.5,5,4,2,4,4,5,4,4,7,56,1,0,0,1,1,0,1,0,0,0
733,12,12,Medical Professional aiding efforts against COVID-19,1.5,3,2,2,2,1,1,1,2,12,44,1,1,0,0,1,1,1,1,0,0
734,12,12,Medical Professional aiding efforts against COVID-19,2.5,3,3,2,1,1,1,1,2,12,55,1,1,0,0,1,1,0,0,1,0
735,7,4,Student in College,0.5,1,1,3,3,4,4,4,3,7,19,1,1,0,0,1,1,1,1,1,0
736,5,4,Student in College,0.5,3,2,3,2,3,4,2,3,5,17,1,0,0,1,1,1,1,1,1,0
737,5,5,Student in College,0.5,1,3,3,3,4,4,2,4,5,24,1,0,1,1,1,0,0,0,1,0
738,7,4,Student in College,0.5,4,5,2,3,3,4,3,4,7,18,0,1,0,0,0,0,0,1,1,0
739,9,9,Working Professional,0.5,5,5,1,3,4,4,2,3,9,40,1,1,1,0,1,0,1,1,1,0
740,11,12,Student in College,3,3,4,4,1,3,2,1,2,11,20,1,0,1,0,1,1,1,1,1,0
741,7,7,Student in College,0.5,1,3,4,2,2,3,3,4,7,21,1,0,1,0,1,1,1,1,1,0
742,9,9,Working Professional,0.5,1,3,2,2,4,5,5,5,9,22,1,1,0,0,1,1,0,0,1,1
743,5,11,Entrepreneur,0.5,1,1,5,1,5,5,5,5,5,25,1,1,1,1,0,0,1,0,0,1
744,9,11,Working Professional,0.5,4,5,3,3,3,3,3,3,9,30,1,0,0,0,1,1,1,1,0,0
745,7,4,Student in College,0.5,2,3,3,1,3,3,3,3,7,25,1,1,1,0,0,1,1,1,1,1
746,4,4,Homemaker,0.5,1,1,1,1,1,1,1,1,4,58,1,0,0,0,0,0,0,1,0,0
747,7,5,Working Professional,1.5,4,3,1,4,3,5,4,3,7,35,0,1,0,0,0,0,0,1,1,0
748,9,11,Working Professional,0.5,1,5,5,1,4,4,3,3,9,32,1,1,1,1,1,1,1,1,1,0
749,7,9,Working Professional,0.5,4,4,2,2,2,1,2,2,7,60,0,1,0,0,1,1,1,1,0,0
750,7,7,Working Professional,0.5,1,3,4,4,4,4,4,4,7,42,1,0,0,0,1,0,0,0,0,1
751,9,5,Currently Out of Work,1.5,4,3,1,5,5,5,5,5,9,71,1,1,1,0,0,0,0,1,1,0
752,5,12,Homemaker,0.5,1,2,5,2,2,2,2,2,5,57,0,1,1,0,0,0,0,1,0,1
753,5,9,Entrepreneur,1.5,2,2,4,4,5,5,5,3,5,29,1,1,1,0,0,1,0,1,0,1
754,7,9,Working Professional,1.5,1,1,4,4,5,5,3,4,7,27,0,1,0,0,0,1,0,1,1,0
755,9,9,Working Professional,2.5,2,2,3,3,4,4,4,4,9,47,1,1,1,0,0,1,1,1,0,0
756,7,7,Working Professional,2.5,5,4,2,4,4,5,4,4,7,54,1,0,0,1,1,0,1,0,0,0
757,12,12,Medical Professional aiding efforts against COVID-19,1.5,3,2,2,2,1,1,1,2,12,46,1,1,0,0,1,1,1,1,0,0
758,12,12,Medical Professional aiding efforts against COVID-19,2.5,3,3,2,1,1,1,1,2,12,52,1,1,0,0,1,1,0,0,1,0
759,7,4,Student in College,0.5,1,1,3,3,4,4,4,3,7,22,1,1,0,0,1,1,1,1,1,0
760,5,4,Student in College,0.5,3,2,3,2,3,4,2,3,5,13,1,0,0,1,1,1,1,1,1,0
761,5,5,Student in College,0.5,1,3,3,3,4,4,2,4,5,19,1,0,1,1,1,0,0,0,1,0
762,7,4,Student in College,0.5,4,5,2,3,3,4,3,4,7,18,0,1,0,0,0,0,0,1,1,0
763,9,9,Working Professional,0.5,5,5,1,3,4,4,2,3,9,34,1,1,1,0,1,0,1,1,1,0
764,11,12,Student in College,3,3,4,4,1,3,2,1,2,11,23,1,0,1,0,1,1,1,1,1,0
765,7,7,Student in College,0.5,1,3,4,2,2,3,3,4,7,20,1,0,1,0,1,1,1,1,1,0
766,9,9,Working Professional,0.5,1,3,2,2,4,5,5,5,9,25,1,1,0,0,1,1,0,0,1,1
767,5,11,Entrepreneur,0.5,1,1,5,1,5,5,5,5,5,19,1,1,1,1,0,0,1,0,0,1
768,9,11,Working Professional,0.5,4,5,3,3,3,3,3,3,9,28,1,0,0,0,1,1,1,1,0,0
769,7,4,Student in College,0.5,2,3,3,1,3,3,3,3,7,19,1,1,1,0,0,1,1,1,1,1
770,4,4,Homemaker,0.5,1,1,1,1,1,1,1,1,4,57,1,0,0,0,0,0,0,1,0,0
771,7,5,Working Professional,1.5,4,3,1,4,3,5,4,3,7,37,0,1,0,0,0,0,0,1,1,0
772,9,11,Working Professional,0.5,1,5,5,1,4,4,3,3,9,28,1,1,1,1,1,1,1,1,1,0
773,7,9,Working Professional,0.5,4,4,2,2,2,1,2,2,7,59,0,1,0,0,1,1,1,1,0,0
774,7,7,Working Professional,0.5,1,3,4,4,4,4,4,4,7,49,1,0,0,0,1,0,0,0,0,1
775,9,5,Currently Out of Work,1.5,4,3,1,5,5,5,5,5,9,75,1,1,1,0,0,0,0,1,1,0
776,5,12,Homemaker,0.5,1,2,5,2,2,2,2,2,5,50,0,1,1,0,0,0,0,1,0,1
777,5,9,Entrepreneur,1.5,2,2,4,4,5,5,5,3,5,27,1,1,1,0,0,1,0,1,0,1
778,7,9,Working Professional,1.5,1,1,4,4,5,5,3,4,7,27,0,1,0,0,0,1,0,1,1,0
779,9,9,Working Professional,2.5,2,2,3,3,4,4,4,4,9,41,1,1,1,0,0,1,1,1,0,0
780,7,7,Working Professional,2.5,5,4,2,4,4,5,4,4,7,58,1,0,0,1,1,0,1,0,0,0
781,12,12,Medical Professional aiding efforts against COVID-19,1.5,3,2,2,2,1,1,1,2,12,50,1,1,0,0,1,1,1,1,0,0
782,12,12,Medical Professional aiding efforts against COVID-19,2.5,3,3,2,1,1,1,1,2,12,56,1,1,0,0,1,1,0,0,1,0
783,7,4,Student in College,0.5,1,1,3,3,4,4,4,3,7,25,1,1,0,0,1,1,1,1,1,0
784,5,4,Student in College,0.5,3,2,3,2,3,4,2,3,5,18,1,0,0,1,1,1,1,1,1,0
785,5,5,Student in College,0.5,1,3,3,3,4,4,2,4,5,19,1,0,1,1,1,0,0,0,1,0
786,7,4,Student in College,0.5,4,5,2,3,3,4,3,4,7,15,0,1,0,0,0,0,0,1,1,0
787,9,9,Working Professional,0.5,5,5,1,3,4,4,2,3,9,39,1,1,1,0,1,0,1,1,1,0
788,11,12,Student in College,3,3,4,4,1,3,2,1,2,11,21,1,0,1,0,1,1,1,1,1,0
789,7,7,Student in College,0.5,1,3,4,2,2,3,3,4,7,24,1,0,1,0,1,1,1,1,1,0
790,9,9,Working Professional,0.5,1,3,2,2,4,5,5,5,9,24,1,1,0,0,1,1,0,0,1,1
791,5,11,Entrepreneur,0.5,1,1,5,1,5,5,5,5,5,23,1,1,1,1,0,0,1,0,0,1
792,9,11,Working Professional,0.5,4,5,3,3,3,3,3,3,9,26,1,0,0,0,1,1,1,1,0,0
793,7,4,Student in College,0.5,2,3,3,1,3,3,3,3,7,25,1,1,1,0,0,1,1,1,1,1
794,4,4,Homemaker,0.5,1,1,1,1,1,1,1,1,4,57,1,0,0,0,0,0,0,1,0,0
795,7,5,Working Professional,1.5,4,3,1,4,3,5,4,3,7,39,0,1,0,0,0,0,0,1,1,0
796,9,11,Working Professional,0.5,1,5,5,1,4,4,3,3,9,28,1,1,1,1,1,1,1,1,1,0
797,7,9,Working Professional,0.5,4,4,2,2,2,1,2,2,7,55,0,1,0,0,1,1,1,1,0,0
798,7,7,Working Professional,0.5,1,3,4,4,4,4,4,4,7,44,1,0,0,0,1,0,0,0,0,1
799,9,5,Currently Out of Work,1.5,4,3,1,5,5,5,5,5,9,72,1,1,1,0,0,0,0,1,1,0
800,5,12,Homemaker,0.5,1,2,5,2,2,2,2,2,5,50,0,1,1,0,0,0,0,1,0,1
801,5,9,Entrepreneur,1.5,2,2,4,4,5,5,5,3,5,32,1,1,1,0,0,1,0,1,0,1
802,7,9,Working Professional,1.5,1,1,4,4,5,5,3,4,7,28,0,1,0,0,0,1,0,1,1,0
803,9,9,Working Professional,2.5,2,2,3,3,4,4,4,4,9,45,1,1,1,0,0,1,1,1,0,0
804,7,7,Working Professional,2.5,5,4,2,4,4,5,4,4,7,51,1,0,0,1,1,0,1,0,0,0
805,12,12,Medical Professional aiding efforts against COVID-19,1.5,3,2,2,2,1,1,1,2,12,46,1,1,0,0,1,1,1,1,0,0
806,12,12,Medical Professional aiding efforts against COVID-19,2.5,3,3,2,1,1,1,1,2,12,56,1,1,0,0,1,1,0,0,1,0
807,7,4,Student in College,0.5,1,1,3,3,4,4,4,3,7,25,1,1,0,0,1,1,1,1,1,0
808,5,4,Student in College,0.5,3,2,3,2,3,4,2,3,5,13,1,0,0,1,1,1,1,1,1,0
809,5,5,Student in College,0.5,1,3,3,3,4,4,2,4,5,23,1,0,1,1,1,0,0,0,1,0
810,7,4,Student in College,0.5,4,5,2,3,3,4,3,4,7,13,0,1,0,0,0,0,0,1,1,0
811,9,9,Working Professional,0.5,5,5,1,3,4,4,2,3,9,36,1,1,1,0,1,0,1,1,1,0
812,11,12,Student in College,3,3,4,4,1,3,2,1,2,11,21,1,0,1,0,1,1,1,1,1,0
813,7,7,Student in College,0.5,1,3,4,2,2,3,3,4,7,23,1,0,1,0,1,1,1,1,1,0
814,9,9,Working Professional,0.5,1,3,2,2,4,5,5,5,9,23,1,1,0,0,1,1,0,0,1,1
815,5,11,Entrepreneur,0.5,1,1,5,1,5,5,5,5,5,20,1,1,1,1,0,0,1,0,0,1
816,9,11,Working Professional,0.5,4,5,3,3,3,3,3,3,9,28,1,0,0,0,1,1,1,1,0,0
817,7,4,Student in College,0.5,2,3,3,1,3,3,3,3,7,25,1,1,1,0,0,1,1,1,1,1
818,9,9,Working Professional,0.5,2,4,1,3,4,4,2,3,9,57,1,1,0,0,0,0,0,1,1,0
819,11,11,Working Professional,2.5,4,4,3,3,3,1,3,1,11,37,0,1,1,1,1,1,1,1,1,0
820,7,9,Working Professional,2.5,3,3,4,4,4,5,3,4,7,30,1,1,0,0,1,1,1,0,1,0
821,9,12,Working Professional,0.5,2,5,1,1,1,4,1,1,9,26,1,0,0,0,1,1,1,1,0,0
822,7,9,Working Professional,1.5,1,1,4,4,5,5,3,4,7,29,0,1,0,0,0,1,0,1,1,0
823,9,9,Working Professional,2.5,2,2,3,3,4,4,4,4,9,49,1,1,1,0,0,1,1,1,0,0
824,7,7,Working Professional,2.5,5,4,2,4,4,5,4,4,7,50,1,0,0,1,1,0,1,0,0,0
825,12,12,Medical Professional aiding efforts against COVID-19,1.5,3,2,2,2,1,1,1,2,12,46,1,1,0,0,1,1,1,1,0,0
826,12,12,Medical Professional aiding efforts against COVID-19,2.5,3,3,2,1,1,1,1,2,12,55,1,1,0,0,1,1,0,0,1,0
827,7,4,Student in College,0.5,1,1,3,3,4,4,4,3,7,20,1,1,0,0,1,1,1,1,1,0
828,7,9,Working Professional,1.5,1,1,4,4,5,5,3,4,7,28,0,1,0,0,0,1,0,1,1,0
829,9,9,Working Professional,2.5,2,2,3,3,4,4,4,4,9,48,1,1,1,0,0,1,1,1,0,0
830,7,7,Working Professional,2.5,5,4,2,4,4,5,4,4,7,58,1,0,0,1,1,0,1,0,0,0
831,12,12,Medical Professional aiding efforts against COVID-19,1.5,3,2,2,2,1,1,1,2,12,42,1,1,0,0,1,1,1,1,0,0
832,12,12,Medical Professional aiding efforts against COVID-19,2.5,3,3,2,1,1,1,1,2,12,51,1,1,0,0,1,1,0,0,1,0
833,7,4,Student in College,0.5,1,1,3,3,4,4,4,3,7,23,1,1,0,0,1,1,1,1,1,0
834,7,9,Working Professional,1.5,1,1,4,4,5,5,3,4,7,28,0,1,0,0,0,1,0,1,1,0
835,9,9,Working Professional,2.5,2,2,3,3,4,4,4,4,9,49,1,1,1,0,0,1,1,1,0,0
836,7,7,Working Professional,2.5,5,4,2,4,4,5,4,4,7,60,1,0,0,1,1,0,1,0,0,0
837,12,12,Medical Professional aiding efforts against COVID-19,1.5,3,2,2,2,1,1,1,2,12,46,1,1,0,0,1,1,1,1,0,0
838,12,12,Medical Professional aiding efforts against COVID-19,2.5,3,3,2,1,1,1,1,2,12,57,1,1,0,0,1,1,0,0,1,0
839,7,4,Student in College,0.5,1,1,3,3,4,4,4,3,7,19,1,1,0,0,1,1,1,1,1,0
840,7,9,Working Professional,1.5,1,1,4,4,5,5,3,4,7,27,0,1,0,0,0,1,0,1,1,0
841,9,9,Working Professional,2.5,2,2,3,3,4,4,4,4,9,44,1,1,1,0,0,1,1,1,0,0
842,7,7,Working Professional,2.5,5,4,2,4,4,5,4,4,7,50,1,0,0,1,1,0,1,0,0,0
843,12,12,Medical Professional aiding efforts against COVID-19,1.5,3,2,2,2,1,1,1,2,12,47,1,1,0,0,1,1,1,1,0,0
844,12,12,Medical Professional aiding efforts against COVID-19,2.5,3,3,2,1,1,1,1,2,12,57,1,1,0,0,1,1,0,0,1,0
845,7,4,Student in College,0.5,1,1,3,3,4,4,4,3,7,23,1,1,0,0,1,1,1,1,1,0
846,7,9,Working Professional,1.5,1,1,4,4,5,5,3,4,7,32,0,1,0,0,0,1,0,1,1,0
847,9,9,Working Professional,2.5,2,2,3,3,4,4,4,4,9,42,1,1,1,0,0,1,1,1,0,0
848,7,7,Working Professional,2.5,5,4,2,4,4,5,4,4,7,51,1,0,0,1,1,0,1,0,0,0
849,12,12,Medical Professional aiding efforts against COVID-19,1.5,3,2,2,2,1,1,1,2,12,47,1,1,0,0,1,1,1,1,0,0
850,12,12,Medical Professional aiding efforts against COVID-19,2.5,3,3,2,1,1,1,1,2,12,56,1,1,0,0,1,1,0,0,1,0
851,7,4,Student in College,0.5,1,1,3,3,4,4,4,3,7,23,1,1,0,0,1,1,1,1,1,0
852,7,9,Working Professional,1.5,1,1,4,4,5,5,3,4,7,32,0,1,0,0,0,1,0,1,1,0
853,9,9,Working Professional,2.5,2,2,3,3,4,4,4,4,9,48,1,1,1,0,0,1,1,1,0,0
854,7,7,Working Professional,2.5,5,4,2,4,4,5,4,4,7,55,1,0,0,1,1,0,1,0,0,0
855,12,12,Medical Professional aiding efforts against COVID-19,1.5,3,2,2,2,1,1,1,2,12,40,1,1,0,0,1,1,1,1,0,0
856,12,12,Medical Professional aiding efforts against COVID-19,2.5,3,3,2,1,1,1,1,2,12,50,1,1,0,0,1,1,0,0,1,0
857,7,4,Student in College,0.5,1,1,3,3,4,4,4,3,7,23,1,1,0,0,1,1,1,1,1,0
858,7,9,Working Professional,1.5,1,1,4,4,5,5,3,4,7,28,0,1,0,0,0,1,0,1,1,0
859,9,9,Working Professional,2.5,2,2,3,3,4,4,4,4,9,43,1,1,1,0,0,1,1,1,0,0
860,7,7,Working Professional,2.5,5,4,2,4,4,5,4,4,7,58,1,0,0,1,1,0,1,0,0,0
861,12,12,Medical Professional aiding efforts against COVID-19,1.5,3,2,2,2,1,1,1,2,12,50,1,1,0,0,1,1,1,1,0,0
862,12,12,Medical Professional aiding efforts against COVID-19,2.5,3,3,2,1,1,1,1,2,12,56,1,1,0,0,1,1,0,0,1,0
863,7,4,Student in College,0.5,1,1,3,3,4,4,4,3,7,23,1,1,0,0,1,1,1,1,1,0
864,7,9,Working Professional,1.5,1,1,4,4,5,5,3,4,7,31,0,1,0,0,0,1,0,1,1,0
865,9,9,Working Professional,2.5,2,2,3,3,4,4,4,4,9,42,1,1,1,0,0,1,1,1,0,0
866,7,7,Working Professional,2.5,5,4,2,4,4,5,4,4,7,52,1,0,0,1,1,0,1,0,0,0
867,12,12,Medical Professional aiding efforts against COVID-19,1.5,3,2,2,2,1,1,1,2,12,45,1,1,0,0,1,1,1,1,0,0
868,12,12,Medical Professional aiding efforts against COVID-19,2.5,3,3,2,1,1,1,1,2,12,56,1,1,0,0,1,1,0,0,1,0
869,7,4,Student in College,0.5,1,1,3,3,4,4,4,3,7,23,1,1,0,0,1,1,1,1,1,0
870,12,12,Medical Professional aiding efforts against COVID-19,1.5,3,2,2,2,1,1,1,2,12,45,1,1,0,0,1,1,1,1,0,0
871,12,12,Medical Professional aiding efforts against COVID-19,2.5,3,3,2,1,1,1,1,2,12,57,1,1,0,0,1,1,0,0,1,0
872,7,4,Student in College,0.5,1,1,3,3,4,4,4,3,7,24,1,1,0,0,1,1,1,1,1,0
873,5,4,Student in College,0.5,3,2,3,2,3,4,2,3,5,16,1,0,0,1,1,1,1,1,1,0
874,5,5,Student in College,0.5,1,3,3,3,4,4,2,4,5,22,1,0,1,1,1,0,0,0,1,0
875,7,4,Student in College,0.5,4,5,2,3,3,4,3,4,7,12,0,1,0,0,0,0,0,1,1,0
876,9,9,Working Professional,0.5,5,5,1,3,4,4,2,3,9,37,1,1,1,0,1,0,1,1,1,0
877,11,12,Student in College,3,3,4,4,1,3,2,1,2,11,23,1,0,1,0,1,1,1,1,1,0
878,7,7,Student in College,0.5,1,3,4,2,2,3,3,4,7,20,1,0,1,0,1,1,1,1,1,0
879,12,12,Medical Professional aiding efforts against COVID-19,1.5,3,2,2,2,1,1,1,2,12,43,1,1,0,0,1,1,1,1,0,0
880,12,12,Medical Professional aiding efforts against COVID-19,2.5,3,3,2,1,1,1,1,2,12,55,1,1,0,0,1,1,0,0,1,0
881,7,4,Student in College,0.5,1,1,3,3,4,4,4,3,7,21,1,1,0,0,1,1,1,1,1,0
882,5,4,Student in College,0.5,3,2,3,2,3,4,2,3,5,14,1,0,0,1,1,1,1,1,1,0
883,5,5,Student in College,0.5,1,3,3,3,4,4,2,4,5,24,1,0,1,1,1,0,0,0,1,0
884,7,4,Student in College,0.5,4,5,2,3,3,4,3,4,7,18,0,1,0,0,0,0,0,1,1,0
885,9,9,Working Professional,0.5,5,5,1,3,4,4,2,3,9,34,1,1,1,0,1,0,1,1,1,0
886,11,12,Student in College,3,3,4,4,1,3,2,1,2,11,25,1,0,1,0,1,1,1,1,1,0
887,7,7,Student in College,0.5,1,3,4,2,2,3,3,4,7,21,1,0,1,0,1,1,1,1,1,0
888,12,12,Medical Professional aiding efforts against COVID-19,1.5,3,2,2,2,1,1,1,2,12,44,1,1,0,0,1,1,1,1,0,0
889,12,12,Medical Professional aiding efforts against COVID-19,2.5,3,3,2,1,1,1,1,2,12,51,1,1,0,0,1,1,0,0,1,0
890,7,4,Student in College,0.5,1,1,3,3,4,4,4,3,7,25,1,1,0,0,1,1,1,1,1,0
891,5,4,Student in College,0.5,3,2,3,2,3,4,2,3,5,16,1,0,0,1,1,1,1,1,1,0
892,5,5,Student in College,0.5,1,3,3,3,4,4,2,4,5,25,1,0,1,1,1,0,0,0,1,0
893,7,4,Student in College,0.5,4,5,2,3,3,4,3,4,7,13,0,1,0,0,0,0,0,1,1,0
894,9,9,Working Professional,0.5,5,5,1,3,4,4,2,3,9,38,1,1,1,0,1,0,1,1,1,0
895,11,12,Student in College,3,3,4,4,1,3,2,1,2,11,24,1,0,1,0,1,1,1,1,1,0
896,7,7,Student in College,0.5,1,3,4,2,2,3,3,4,7,20,1,0,1,0,1,1,1,1,1,0
897,12,12,Medical Professional aiding efforts against COVID-19,1.5,3,2,2,2,1,1,1,2,12,46,1,1,0,0,1,1,1,1,0,0
898,12,12,Medical Professional aiding efforts against COVID-19,2.5,3,3,2,1,1,1,1,2,12,56,1,1,0,0,1,1,0,0,1,0
899,7,4,Student in College,0.5,1,1,3,3,4,4,4,3,7,24,1,1,0,0,1,1,1,1,1,0
900,5,4,Student in College,0.5,3,2,3,2,3,4,2,3,5,16,1,0,0,1,1,1,1,1,1,0
901,5,5,Student in College,0.5,1,3,3,3,4,4,2,4,5,22,1,0,1,1,1,0,0,0,1,0
902,7,4,Student in College,0.5,4,5,2,3,3,4,3,4,7,18,0,1,0,0,0,0,0,1,1,0
903,9,9,Working Professional,0.5,5,5,1,3,4,4,2,3,9,40,1,1,1,0,1,0,1,1,1,0
904,11,12,Student in College,3,3,4,4,1,3,2,1,2,11,25,1,0,1,0,1,1,1,1,1,0
905,7,7,Student in College,0.5,1,3,4,2,2,3,3,4,7,25,1,0,1,0,1,1,1,1,1,0
906,7,9,Working Professional,0.5,4,4,2,2,2,1,2,2,7,56,0,1,0,0,1,1,1,1,0,0
907,7,7,Working Professional,0.5,1,3,4,4,4,4,4,4,7,46,1,0,0,0,1,0,0,0,0,1
908,9,5,Currently Out of Work,1.5,4,3,1,5,5,5,5,5,9,62,1,1,1,0,0,0,0,1,1,0
909,5,12,Homemaker,0.5,1,2,5,2,2,2,2,2,5,50,0,1,1,0,0,0,0,1,0,1
910,5,9,Entrepreneur,1.5,2,2,4,4,5,5,5,3,5,32,1,1,1,0,0,1,0,1,0,1
911,7,9,Working Professional,0.5,4,4,2,2,2,1,2,2,7,52,0,1,0,0,1,1,1,1,0,0
912,7,7,Working Professional,0.5,1,3,4,4,4,4,4,4,7,47,1,0,0,0,1,0,0,0,0,1
913,9,5,Currently Out of Work,1.5,4,3,1,5,5,5,5,5,9,60,1,1,1,0,0,0,0,1,1,0
914,5,12,Homemaker,0.5,1,2,5,2,2,2,2,2,5,55,0,1,1,0,0,0,0,1,0,1
915,5,9,Entrepreneur,1.5,2,2,4,4,5,5,5,3,5,29,1,1,1,0,0,1,0,1,0,1
916,7,9,Working Professional,0.5,4,4,2,2,2,1,2,2,7,51,0,1,0,0,1,1,1,1,0,0
917,7,7,Working Professional,0.5,1,3,4,4,4,4,4,4,7,45,1,0,0,0,1,0,0,0,0,1
918,9,5,Currently Out of Work,1.5,4,3,1,5,5,5,5,5,9,68,1,1,1,0,0,0,0,1,1,0
919,5,12,Homemaker,0.5,1,2,5,2,2,2,2,2,5,58,0,1,1,0,0,0,0,1,0,1
920,5,9,Entrepreneur,1.5,2,2,4,4,5,5,5,3,5,28,1,1,1,0,0,1,0,1,0,1
921,7,9,Working Professional,0.5,4,4,2,2,2,1,2,2,7,56,0,1,0,0,1,1,1,1,0,0
922,7,7,Working Professional,0.5,1,3,4,4,4,4,4,4,7,41,1,0,0,0,1,0,0,0,0,1
923,9,5,Currently Out of Work,1.5,4,3,1,5,5,5,5,5,9,62,1,1,1,0,0,0,0,1,1,0
924,5,12,Homemaker,0.5,1,2,5,2,2,2,2,2,5,59,0,1,1,0,0,0,0,1,0,1
925,5,9,Entrepreneur,1.5,2,2,4,4,5,5,5,3,5,32,1,1,1,0,0,1,0,1,0,1
926,7,7,Student in College,1.5,3,1,3,5,4,3,1,2,7,23,0,1,0,0,1,1,1,1,1,0
927,7,7,Student in College,1.5,2,2,3,3,3,3,4,3,7,19,1,0,1,0,1,0,0,0,0,0
928,5,7,Student in College,0.5,4,4,1,1,3,2,3,3,5,23,0,1,1,0,1,1,0,0,1,0
929,5,4,Student in College,0.5,1,3,4,4,5,4,5,5,5,24,1,1,0,0,1,1,0,1,1,1
930,7,9,Student in College,0.5,3,2,3,2,2,1,2,3,7,23,1,0,0,0,1,0,0,0,1,0
931,5,9,Student in College,0.5,1,2,5,5,5,5,5,5,5,19,1,0,1,0,0,1,0,0,1,1
932,7,7,Student in College,1.5,2,2,3,3,3,1,3,3,7,25,1,1,1,0,1,1,1,1,1,1
933,7,4,Student in College,0.5,2,1,3,2,4,4,3,4,7,20,1,1,0,0,1,1,0,1,1,0
934,5,9,Student in College,0.5,3,3,3,3,3,3,3,3,5,24,1,1,0,0,1,0,1,1,1,0
935,7,11,Student in College,0.5,5,4,3,1,5,2,1,1,7,21,0,1,1,0,1,1,0,0,1,0
936,7,7,Student in College,0.5,2,1,2,3,4,5,4,5,7,19,1,1,1,0,1,1,0,0,0,0
937,9,11,Working Professional,0.5,2,3,3,4,4,3,4,3,9,37,1,0,0,0,0,1,0,0,1,0
938,7,7,Student in College,1.5,3,1,3,5,4,3,1,2,7,22,0,1,0,0,1,1,1,1,1,0
939,7,7,Student in College,1.5,2,2,3,3,3,3,4,3,7,21,1,0,1,0,1,0,0,0,0,0
940,5,7,Student in College,0.5,4,4,1,1,3,2,3,3,5,22,0,1,1,0,1,1,0,0,1,0
941,5,4,Student in College,0.5,1,3,4,4,5,4,5,5,5,20,1,1,0,0,1,1,0,1,1,1
942,7,9,Student in College,0.5,3,2,3,2,2,1,2,3,7,19,1,0,0,0,1,0,0,0,1,0
943,5,9,Student in College,0.5,1,2,5,5,5,5,5,5,5,21,1,0,1,0,0,1,0,0,1,1
944,7,7,Student in College,1.5,2,2,3,3,3,1,3,3,7,20,1,1,1,0,1,1,1,1,1,1
945,7,4,Student in College,0.5,2,1,3,2,4,4,3,4,7,19,1,1,0,0,1,1,0,1,1,0
946,5,9,Student in College,0.5,3,3,3,3,3,3,3,3,5,19,1,1,0,0,1,0,1,1,1,0
947,7,11,Student in College,0.5,5,4,3,1,5,2,1,1,7,19,0,1,1,0,1,1,0,0,1,0
948,7,7,Student in College,0.5,2,1,2,3,4,5,4,5,7,19,1,1,1,0,1,1,0,0,0,0
949,9,11,Working Professional,0.5,2,3,3,4,4,3,4,3,9,40,1,0,0,0,0,1,0,0,1,0
950,7,7,Student in College,1.5,3,1,3,5,4,3,1,2,7,19,0,1,0,0,1,1,1,1,1,0
951,7,7,Student in College,1.5,2,2,3,3,3,3,4,3,7,21,1,0,1,0,1,0,0,0,0,0
952,5,7,Student in College,0.5,4,4,1,1,3,2,3,3,5,23,0,1,1,0,1,1,0,0,1,0
953,5,4,Student in College,0.5,1,3,4,4,5,4,5,5,5,21,1,1,0,0,1,1,0,1,1,1
954,7,9,Student in College,0.5,3,2,3,2,2,1,2,3,7,23,1,0,0,0,1,0,0,0,1,0
955,5,9,Student in College,0.5,1,2,5,5,5,5,5,5,5,20,1,0,1,0,0,1,0,0,1,1
956,7,7,Student in College,1.5,2,2,3,3,3,1,3,3,7,22,1,1,1,0,1,1,1,1,1,1
957,7,4,Student in College,0.5,2,1,3,2,4,4,3,4,7,23,1,1,0,0,1,1,0,1,1,0
958,5,9,Student in College,0.5,3,3,3,3,3,3,3,3,5,24,1,1,0,0,1,0,1,1,1,0
959,7,11,Student in College,0.5,5,4,3,1,5,2,1,1,7,21,0,1,1,0,1,1,0,0,1,0
960,7,7,Student in College,0.5,2,1,2,3,4,5,4,5,7,23,1,1,1,0,1,1,0,0,0,0
961,9,11,Working Professional,0.5,2,3,3,4,4,3,4,3,9,40,1,0,0,0,0,1,0,0,1,0
962,5,12,Homemaker,0.5,1,2,5,2,2,2,2,2,5,53,0,1,1,0,0,0,0,1,0,1
963,5,9,Entrepreneur,1.5,2,2,4,4,5,5,5,3,5,30,1,1,1,0,0,1,0,1,0,1
964,7,9,Working Professional,0.5,4,4,2,2,2,1,2,2,7,58,0,1,0,0,1,1,1,1,0,0
965,7,7,Working Professional,0.5,1,3,4,4,4,4,4,4,7,41,1,0,0,0,1,0,0,0,0,1
966,9,5,Currently Out of Work,1.5,4,3,1,5,5,5,5,5,9,67,1,1,1,0,0,0,0,1,1,0
967,5,12,Homemaker,0.5,1,2,5,2,2,2,2,2,5,50,0,1,1,0,0,0,0,1,0,1
968,5,9,Entrepreneur,1.5,2,2,4,4,5,5,5,3,5,28,1,1,1,0,0,1,0,1,0,1
969,7,9,Working Professional,0.5,4,4,2,2,2,1,2,2,7,50,0,1,0,0,1,1,1,1,0,0
970,5,12,Homemaker,0.5,1,2,5,2,2,2,2,2,5,51,0,1,1,0,0,0,0,1,0,1
971,5,9,Entrepreneur,1.5,2,2,4,4,5,5,5,3,5,28,1,1,1,0,0,1,0,1,0,1
972,7,9,Working Professional,0.5,4,4,2,2,2,1,2,2,7,53,0,1,0,0,1,1,1,1,0,0
973,7,7,Working Professional,0.5,1,3,4,4,4,4,4,4,7,45,1,0,0,0,1,0,0,0,0,1
974,9,5,Currently Out of Work,1.5,4,3,1,5,5,5,5,5,9,68,1,1,1,0,0,0,0,1,1,0
975,5,12,Homemaker,0.5,1,2,5,2,2,2,2,2,5,51,0,1,1,0,0,0,0,1,0,1
976,5,9,Entrepreneur,1.5,2,2,4,4,5,5,5,3,5,29,1,1,1,0,0,1,0,1,0,1
977,7,9,Working Professional,0.5,4,4,2,2,2,1,2,2,7,56,0,1,0,0,1,1,1,1,0,0
978,5,12,Homemaker,0.5,1,2,5,2,2,2,2,2,5,58,0,1,1,0,0,0,0,1,0,1
979,5,9,Entrepreneur,1.5,2,2,4,4,5,5,5,3,5,31,1,1,1,0,0,1,0,1,0,1
980,7,9,Working Professional,0.5,4,4,2,2,2,1,2,2,7,56,0,1,0,0,1,1,1,1,0,0
981,7,7,Working Professional,0.5,1,3,4,4,4,4,4,4,7,40,1,0,0,0,1,0,0,0,0,1
982,9,5,Currently Out of Work,1.5,4,3,1,5,5,5,5,5,9,60,1,1,1,0,0,0,0,1,1,0
983,5,12,Homemaker,0.5,1,2,5,2,2,2,2,2,5,59,0,1,1,0,0,0,0,1,0,1
984,5,9,Entrepreneur,1.5,2,2,4,4,5,5,5,3,5,26,1,1,1,0,0,1,0,1,0,1
985,7,9,Working Professional,0.5,4,4,2,2,2,1,2,2,7,53,0,1,0,0,1,1,1,1,0,0
986,5,12,Homemaker,0.5,1,2,5,2,2,2,2,2,5,56,0,1,1,0,0,0,0,1,0,1
987,5,9,Entrepreneur,1.5,2,2,4,4,5,5,5,3,5,26,1,1,1,0,0,1,0,1,0,1
988,7,9,Working Professional,0.5,4,4,2,2,2,1,2,2,7,58,0,1,0,0,1,1,1,1,0,0
989,7,7,Working Professional,0.5,1,3,4,4,4,4,4,4,7,42,1,0,0,0,1,0,0,0,0,1
990,9,5,Currently Out of Work,1.5,4,3,1,5,5,5,5,5,9,74,1,1,1,0,0,0,0,1,1,0
991,5,12,Homemaker,0.5,1,2,5,2,2,2,2,2,5,56,0,1,1,0,0,0,0,1,0,1
992,5,9,Entrepreneur,1.5,2,2,4,4,5,5,5,3,5,30,1,1,1,0,0,1,0,1,0,1
993,7,9,Working Professional,0.5,4,4,2,2,2,1,2,2,7,56,0,1,0,0,1,1,1,1,0,0
994,5,12,Homemaker,0.5,1,2,5,2,2,2,2,2,5,50,0,1,1,0,0,0,0,1,0,1
995,5,9,Entrepreneur,1.5,2,2,4,4,5,5,5,3,5,27,1,1,1,0,0,1,0,1,0,1
996,7,9,Working Professional,0.5,4,4,2,2,2,1,2,2,7,51,0,1,0,0,1,1,1,1,0,0
997,7,7,Working Professional,0.5,1,3,4,4,4,4,4,4,7,43,1,0,0,0,1,0,0,0,0,1
998,9,5,Currently Out of Work,1.5,4,3,1,5,5,5,5,5,9,60,1,1,1,0,0,0,0,1,1,0
999,9,11,Working Professional,0.5,2,3,3,4,4,3,4,3,9,34,1,0,0,0,0,1,0,0,1,0
1000,5,12,Homemaker,0.5,1,2,5,2,2,2,2,2,5,57,0,1,1,0,0,0,0,1,0,1
1001,5,9,Entrepreneur,1.5,2,2,4,4,5,5,5,3,5,28,1,1,1,0,0,1,0,1,0,1
1002,7,9,Working Professional,0.5,4,4,2,2,2,1,2,2,7,56,0,1,0,0,1,1,1,1,0,0
1003,5,12,Homemaker,0.5,1,2,5,2,2,2,2,2,5,53,0,1,1,0,0,0,0,1,0,1
1004,5,9,Entrepreneur,1.5,2,2,4,4,5,5,5,3,5,27,1,1,1,0,0,1,0,1,0,1
1005,7,9,Working Professional,0.5,4,4,2,2,2,1,2,2,7,59,0,1,0,0,1,1,1,1,0,0
1006,7,7,Working Professional,0.5,1,3,4,4,4,4,4,4,7,41,1,0,0,0,1,0,0,0,0,1
1007,9,5,Currently Out of Work,1.5,4,3,1,5,5,5,5,5,9,63,1,1,1,0,0,0,0,1,1,0
1008,9,11,Working Professional,0.5,2,3,3,4,4,3,4,3,9,34,1,0,0,0,0,1,0,0,1,0
1009,5,12,Homemaker,0.5,1,2,5,2,2,2,2,2,5,57,0,1,1,0,0,0,0,1,0,1
1010,5,9,Entrepreneur,1.5,2,2,4,4,5,5,5,3,5,28,1,1,1,0,0,1,0,1,0,1
1011,7,9,Working Professional,0.5,4,4,2,2,2,1,2,2,7,57,0,1,0,0,1,1,1,1,0,0
1012,5,12,Homemaker,0.5,1,2,5,2,2,2,2,2,5,53,0,1,1,0,0,0,0,1,0,1
1013,5,9,Entrepreneur,1.5,2,2,4,4,5,5,5,3,5,32,1,1,1,0,0,1,0,1,0,1
1014,7,9,Working Professional,0.5,4,4,2,2,2,1,2,2,7,50,0,1,0,0,1,1,1,1,0,0
1015,7,7,Working Professional,0.5,1,3,4,4,4,4,4,4,7,50,1,0,0,0,1,0,0,0,0,1
1016,9,5,Currently Out of Work,1.5,4,3,1,5,5,5,5,5,9,75,1,1,1,0,0,0,0,1,1,0
1017,9,11,Working Professional,0.5,2,3,3,4,4,3,4,3,9,35,1,0,0,0,0,1,0,0,1,0
1018,5,12,Homemaker,0.5,1,2,5,2,2,2,2,2,5,55,0,1,1,0,0,0,0,1,0,1
1019,5,9,Entrepreneur,1.5,2,2,4,4,5,5,5,3,5,31,1,1,1,0,0,1,0,1,0,1
1020,7,9,Working Professional,0.5,4,4,2,2,2,1,2,2,7,57,0,1,0,0,1,1,1,1,0,0
1021,5,12,Homemaker,0.5,1,2,5,2,2,2,2,2,5,50,0,1,1,0,0,0,0,1,0,1
1022,5,9,Entrepreneur,1.5,2,2,4,4,5,5,5,3,5,27,1,1,1,0,0,1,0,1,0,1
1023,7,9,Working Professional,0.5,4,4,2,2,2,1,2,2,7,52,0,1,0,0,1,1,1,1,0,0
1024,7,7,Working Professional,0.5,1,3,4,4,4,4,4,4,7,50,1,0,0,0,1,0,0,0,0,1
1025,9,5,Currently Out of Work,1.5,4,3,1,5,5,5,5,5,9,75,1,1,1,0,0,0,0,1,1,0
1026,9,11,Working Professional,0.5,2,3,3,4,4,3,4,3,9,38,1,0,0,0,0,1,0,0,1,0
1027,5,12,Homemaker,0.5,1,2,5,2,2,2,2,2,5,60,0,1,1,0,0,0,0,1,0,1
1028,5,9,Entrepreneur,1.5,2,2,4,4,5,5,5,3,5,27,1,1,1,0,0,1,0,1,0,1
1029,7,9,Working Professional,0.5,4,4,2,2,2,1,2,2,7,56,0,1,0,0,1,1,1,1,0,0
1030,5,12,Homemaker,0.5,1,2,5,2,2,2,2,2,5,59,0,1,1,0,0,0,0,1,0,1
1031,5,9,Entrepreneur,1.5,2,2,4,4,5,5,5,3,5,30,1,1,1,0,0,1,0,1,0,1
1032,7,9,Working Professional,0.5,4,4,2,2,2,1,2,2,7,52,0,1,0,0,1,1,1,1,0,0
1033,7,7,Working Professional,0.5,1,3,4,4,4,4,4,4,7,50,1,0,0,0,1,0,0,0,0,1
1034,9,5,Currently Out of Work,1.5,4,3,1,5,5,5,5,5,9,65,1,1,1,0,0,0,0,1,1,0
1035,9,11,Working Professional,0.5,2,3,3,4,4,3,4,3,9,38,1,0,0,0,0,1,0,0,1,0
1036,5,12,Homemaker,0.5,1,2,5,2,2,2,2,2,5,58,0,1,1,0,0,0,0,1,0,1
1037,5,9,Entrepreneur,1.5,2,2,4,4,5,5,5,3,5,29,1,1,1,0,0,1,0,1,0,1
1038,7,9,Working Professional,0.5,4,4,2,2,2,1,2,2,7,58,0,1,0,0,1,1,1,1,0,0
1039,5,12,Homemaker,0.5,1,2,5,2,2,2,2,2,5,51,0,1,1,0,0,0,0,1,0,1
1040,5,9,Entrepreneur,1.5,2,2,4,4,5,5,5,3,5,32,1,1,1,0,0,1,0,1,0,1
1041,7,9,Working Professional,0.5,4,4,2,2,2,1,2,2,7,58,0,1,0,0,1,1,1,1,0,0
1042,7,7,Working Professional,0.5,1,3,4,4,4,4,4,4,7,40,1,0,0,0,1,0,0,0,0,1
1043,9,5,Currently Out of Work,1.5,4,3,1,5,5,5,5,5,9,73,1,1,1,0,0,0,0,1,1,0
1044,9,11,Working Professional,0.5,2,3,3,4,4,3,4,3,9,35,1,0,0,0,0,1,0,0,1,0
1045,9,7,Working Professional,0.5,1,1,5,5,5,5,5,5,9,32,1,1,0,0,1,0,0,0,0,1
1046,5,7,Medical Professional aiding efforts against COVID-19,1.5,4,4,2,3,2,4,2,3,5,35,0,1,0,0,1,0,1,1,0,0
1047,9,9,Entrepreneur,0.5,2,1,4,2,2,4,3,3,9,42,0,0,1,0,0,0,0,1,0,0
1048,9,7,Working Professional,0.5,1,1,5,5,5,5,5,5,9,29,1,1,0,0,1,0,0,0,0,1
1049,5,7,Medical Professional aiding efforts against COVID-19,1.5,4,4,2,3,2,4,2,3,5,36,0,1,0,0,1,0,1,1,0,0
1050,9,9,Entrepreneur,0.5,2,1,4,2,2,4,3,3,9,45,0,0,1,0,0,0,0,1,0,0
1051,9,7,Working Professional,0.5,1,1,5,5,5,5,5,5,9,27,1,1,0,0,1,0,0,0,0,1
1052,5,7,Medical Professional aiding efforts against COVID-19,1.5,4,4,2,3,2,4,2,3,5,40,0,1,0,0,1,0,1,1,0,0
1053,9,9,Entrepreneur,0.5,2,1,4,2,2,4,3,3,9,46,0,0,1,0,0,0,0,1,0,0
1054,9,7,Working Professional,0.5,1,1,5,5,5,5,5,5,9,29,1,1,0,0,1,0,0,0,0,1
1055,5,7,Medical Professional aiding efforts against COVID-19,1.5,4,4,2,3,2,4,2,3,5,36,0,1,0,0,1,0,1,1,0,0
1056,9,9,Entrepreneur,0.5,2,1,4,2,2,4,3,3,9,47,0,0,1,0,0,0,0,1,0,0
1057,9,7,Working Professional,0.5,1,1,5,5,5,5,5,5,9,26,1,1,0,0,1,0,0,0,0,1
1058,5,7,Medical Professional aiding efforts against COVID-19,1.5,4,4,2,3,2,4,2,3,5,37,0,1,0,0,1,0,1,1,0,0
1059,9,9,Entrepreneur,0.5,2,1,4,2,2,4,3,3,9,46,0,0,1,0,0,0,0,1,0,0
1060,9,7,Working Professional,0.5,1,1,5,5,5,5,5,5,9,26,1,1,0,0,1,0,0,0,0,1
1061,5,7,Medical Professional aiding efforts against COVID-19,1.5,4,4,2,3,2,4,2,3,5,39,0,1,0,0,1,0,1,1,0,0
1062,9,9,Entrepreneur,0.5,2,1,4,2,2,4,3,3,9,46,0,0,1,0,0,0,0,1,0,0
1063,5,7,Medical Professional aiding efforts against COVID-19,1.5,4,4,2,3,2,4,2,3,5,38,0,1,0,0,1,0,1,1,0,0
1064,9,9,Entrepreneur,0.5,2,1,4,2,2,4,3,3,9,47,0,0,1,0,0,0,0,1,0,0
1065,9,7,Working Professional,0.5,1,1,5,5,5,5,5,5,9,29,1,1,0,0,1,0,0,0,0,1
1066,5,7,Medical Professional aiding efforts against COVID-19,1.5,4,4,2,3,2,4,2,3,5,38,0,1,0,0,1,0,1,1,0,0
1067,9,9,Entrepreneur,0.5,2,1,4,2,2,4,3,3,9,50,0,0,1,0,0,0,0,1,0,0
1068,9,7,Working Professional,0.5,1,1,5,5,5,5,5,5,9,30,1,1,0,0,1,0,0,0,0,1
1069,5,7,Medical Professional aiding efforts against COVID-19,1.5,4,4,2,3,2,4,2,3,5,38,0,1,0,0,1,0,1,1,0,0
1070,9,9,Entrepreneur,0.5,2,1,4,2,2,4,3,3,9,44,0,0,1,0,0,0,0,1,0,0
1071,5,12,Homemaker,0.5,3,5,2,1,2,3,2,2,5,28,0,1,0,0,0,1,1,1,0,0
1072,9,11,Working Professional,0.5,3,2,4,4,4,4,3,3,9,26,1,1,1,1,0,1,1,0,1,0
1073,11,12,Working Professional,1.5,2,2,3,3,3,1,3,2,11,28,1,1,1,1,1,1,0,0,1,0
1074,5,5,Working Professional,0.5,2,2,4,2,4,4,4,4,5,46,1,1,0,0,0,1,0,1,1,1
1075,9,9,Working Professional,1.5,3,5,3,3,3,3,3,3,9,32,1,0,0,0,1,1,1,1,1,0
1076,9,5,Working Professional,1.5,2,3,4,4,4,4,4,4,9,30,1,0,0,1,0,1,0,0,1,1
1077,11,12,Working Professional,0.5,3,3,3,3,1,1,3,3,11,29,0,0,1,1,1,0,1,0,1,0
1078,5,5,Entrepreneur,0.5,3,4,2,1,4,3,3,3,5,30,1,1,1,1,1,1,0,1,1,0
1079,5,12,Homemaker,0.5,3,5,2,1,2,3,2,2,5,30,0,1,0,0,0,1,1,1,0,0
1080,9,11,Working Professional,0.5,3,2,4,4,4,4,3,3,9,31,1,1,1,1,0,1,1,0,1,0
1081,11,12,Working Professional,1.5,2,2,3,3,3,1,3,2,11,27,1,1,1,1,1,1,0,0,1,0
1082,5,5,Working Professional,0.5,2,2,4,2,4,4,4,4,5,50,1,1,0,0,0,1,0,1,1,1
1083,9,9,Working Professional,1.5,3,5,3,3,3,3,3,3,9,28,1,0,0,0,1,1,1,1,1,0
1084,9,5,Working Professional,1.5,2,3,4,4,4,4,4,4,9,26,1,0,0,1,0,1,0,0,1,1
1085,11,12,Working Professional,0.5,3,3,3,3,1,1,3,3,11,29,0,0,1,1,1,0,1,0,1,0
1086,5,5,Entrepreneur,0.5,3,4,2,1,4,3,3,3,5,28,1,1,1,1,1,1,0,1,1,0
1087,5,12,Homemaker,0.5,3,5,2,1,2,3,2,2,5,27,0,1,0,0,0,1,1,1,0,0
1088,9,11,Working Professional,0.5,3,2,4,4,4,4,3,3,9,28,1,1,1,1,0,1,1,0,1,0
1089,11,12,Working Professional,1.5,2,2,3,3,3,1,3,2,11,31,1,1,1,1,1,1,0,0,1,0
1090,5,5,Working Professional,0.5,2,2,4,2,4,4,4,4,5,49,1,1,0,0,0,1,0,1,1,1
1091,9,9,Working Professional,1.5,3,5,3,3,3,3,3,3,9,31,1,0,0,0,1,1,1,1,1,0
1092,9,5,Working Professional,1.5,2,3,4,4,4,4,4,4,9,29,1,0,0,1,0,1,0,0,1,1
1093,11,12,Working Professional,0.5,3,3,3,3,1,1,3,3,11,27,0,0,1,1,1,0,1,0,1,0
1094,5,5,Entrepreneur,0.5,3,4,2,1,4,3,3,3,5,28,1,1,1,1,1,1,0,1,1,0
1095,5,12,Homemaker,0.5,3,5,2,1,2,3,2,2,5,30,0,1,0,0,0,1,1,1,0,0
1096,9,11,Working Professional,0.5,3,2,4,4,4,4,3,3,9,28,1,1,1,1,0,1,1,0,1,0
1097,11,12,Working Professional,1.5,2,2,3,3,3,1,3,2,11,27,1,1,1,1,1,1,0,0,1,0
1098,5,5,Working Professional,0.5,2,2,4,2,4,4,4,4,5,40,1,1,0,0,0,1,0,1,1,1
1099,9,9,Working Professional,1.5,3,5,3,3,3,3,3,3,9,29,1,0,0,0,1,1,1,1,1,0
1100,9,5,Working Professional,1.5,2,3,4,4,4,4,4,4,9,26,1,0,0,1,0,1,0,0,1,1
1101,11,12,Working Professional,0.5,3,3,3,3,1,1,3,3,11,28,0,0,1,1,1,0,1,0,1,0
1102,5,5,Entrepreneur,0.5,3,4,2,1,4,3,3,3,5,31,1,1,1,1,1,1,0,1,1,0
1103,5,12,Homemaker,0.5,3,5,2,1,2,3,2,2,5,27,0,1,0,0,0,1,1,1,0,0
1104,9,11,Working Professional,0.5,3,2,4,4,4,4,3,3,9,32,1,1,1,1,0,1,1,0,1,0
1105,11,12,Working Professional,1.5,2,2,3,3,3,1,3,2,11,30,1,1,1,1,1,1,0,0,1,0
1106,5,5,Working Professional,0.5,2,2,4,2,4,4,4,4,5,44,1,1,0,0,0,1,0,1,1,1
1107,9,9,Working Professional,1.5,3,5,3,3,3,3,3,3,9,26,1,0,0,0,1,1,1,1,1,0
1108,9,5,Working Professional,1.5,2,3,4,4,4,4,4,4,9,32,1,0,0,1,0,1,0,0,1,1
1109,11,12,Working Professional,0.5,3,3,3,3,1,1,3,3,11,31,0,0,1,1,1,0,1,0,1,0
1110,5,5,Entrepreneur,0.5,3,4,2,1,4,3,3,3,5,27,1,1,1,1,1,1,0,1,1,0
1111,5,12,Homemaker,0.5,3,5,2,1,2,3,2,2,5,27,0,1,0,0,0,1,1,1,0,0
1112,9,11,Working Professional,0.5,3,2,4,4,4,4,3,3,9,29,1,1,1,1,0,1,1,0,1,0
1113,11,12,Working Professional,1.5,2,2,3,3,3,1,3,2,11,30,1,1,1,1,1,1,0,0,1,0
1114,5,5,Working Professional,0.5,2,2,4,2,4,4,4,4,5,41,1,1,0,0,0,1,0,1,1,1
1115,9,9,Working Professional,1.5,3,5,3,3,3,3,3,3,9,29,1,0,0,0,1,1,1,1,1,0
1116,9,5,Working Professional,1.5,2,3,4,4,4,4,4,4,9,28,1,0,0,1,0,1,0,0,1,1
1117,11,12,Working Professional,0.5,3,3,3,3,1,1,3,3,11,29,0,0,1,1,1,0,1,0,1,0
1118,5,5,Entrepreneur,0.5,3,4,2,1,4,3,3,3,5,29,1,1,1,1,1,1,0,1,1,0
1119,9,9,Entrepreneur,0.5,2,1,4,2,2,4,3,3,9,50,0,0,1,0,0,0,0,1,0,0
1120,9,7,Working Professional,0.5,1,1,5,5,5,5,5,5,9,29,1,1,0,0,1,0,0,0,0,1
1121,5,7,Medical Professional aiding efforts against COVID-19,1.5,4,4,2,3,2,4,2,3,5,37,0,1,0,0,1,0,1,1,0,0
1122,9,9,Entrepreneur,0.5,2,1,4,2,2,4,3,3,9,43,0,0,1,0,0,0,0,1,0,0
1123,5,12,Homemaker,0.5,3,5,2,1,2,3,2,2,5,31,0,1,0,0,0,1,1,1,0,0
1124,9,11,Working Professional,0.5,3,2,4,4,4,4,3,3,9,29,1,1,1,1,0,1,1,0,1,0
1125,11,12,Working Professional,1.5,2,2,3,3,3,1,3,2,11,26,1,1,1,1,1,1,0,0,1,0
1126,5,5,Working Professional,0.5,2,2,4,2,4,4,4,4,5,40,1,1,0,0,0,1,0,1,1,1
1127,9,9,Entrepreneur,0.5,2,1,4,2,2,4,3,3,9,42,0,0,1,0,0,0,0,1,0,0
1128,9,7,Working Professional,0.5,1,1,5,5,5,5,5,5,9,28,1,1,0,0,1,0,0,0,0,1
1129,5,7,Medical Professional aiding efforts against COVID-19,1.5,4,4,2,3,2,4,2,3,5,39,0,1,0,0,1,0,1,1,0,0
1130,9,9,Entrepreneur,0.5,2,1,4,2,2,4,3,3,9,49,0,0,1,0,0,0,0,1,0,0
1131,5,12,Homemaker,0.5,3,5,2,1,2,3,2,2,5,27,0,1,0,0,0,1,1,1,0,0
1132,9,11,Working Professional,0.5,3,2,4,4,4,4,3,3,9,29,1,1,1,1,0,1,1,0,1,0
1133,11,12,Working Professional,1.5,2,2,3,3,3,1,3,2,11,31,1,1,1,1,1,1,0,0,1,0
1134,5,5,Working Professional,0.5,2,2,4,2,4,4,4,4,5,49,1,1,0,0,0,1,0,1,1,1
1135,9,9,Entrepreneur,0.5,2,1,4,2,2,4,3,3,9,41,0,0,1,0,0,0,0,1,0,0
1136,9,7,Working Professional,0.5,1,1,5,5,5,5,5,5,9,26,1,1,0,0,1,0,0,0,0,1
1137,5,7,Medical Professional aiding efforts against COVID-19,1.5,4,4,2,3,2,4,2,3,5,39,0,1,0,0,1,0,1,1,0,0
1138,9,9,Entrepreneur,0.5,2,1,4,2,2,4,3,3,9,42,0,0,1,0,0,0,0,1,0,0
1139,5,12,Homemaker,0.5,3,5,2,1,2,3,2,2,5,26,0,1,0,0,0,1,1,1,0,0
1140,9,11,Working Professional,0.5,3,2,4,4,4,4,3,3,9,30,1,1,1,1,0,1,1,0,1,0
1141,11,12,Working Professional,1.5,2,2,3,3,3,1,3,2,11,30,1,1,1,1,1,1,0,0,1,0
1142,5,5,Working Professional,0.5,2,2,4,2,4,4,4,4,5,44,1,1,0,0,0,1,0,1,1,1
1143,9,9,Entrepreneur,0.5,2,1,4,2,2,4,3,3,9,45,0,0,1,0,0,0,0,1,0,0
1144,9,7,Working Professional,0.5,1,1,5,5,5,5,5,5,9,27,1,1,0,0,1,0,0,0,0,1
1145,5,7,Medical Professional aiding efforts against COVID-19,1.5,4,4,2,3,2,4,2,3,5,36,0,1,0,0,1,0,1,1,0,0
1146,9,9,Entrepreneur,0.5,2,1,4,2,2,4,3,3,9,42,0,0,1,0,0,0,0,1,0,0
1147,5,12,Homemaker,0.5,3,5,2,1,2,3,2,2,5,30,0,1,0,0,0,1,1,1,0,0
1148,9,11,Working Professional,0.5,3,2,4,4,4,4,3,3,9,28,1,1,1,1,0,1,1,0,1,0
1149,11,12,Working Professional,1.5,2,2,3,3,3,1,3,2,11,28,1,1,1,1,1,1,0,0,1,0
1150,5,5,Working Professional,0.5,2,2,4,2,4,4,4,4,5,46,1,1,0,0,0,1,0,1,1,1
1151,9,9,Entrepreneur,0.5,2,1,4,2,2,4,3,3,9,41,0,0,1,0,0,0,0,1,0,0
1152,9,7,Working Professional,0.5,1,1,5,5,5,5,5,5,9,30,1,1,0,0,1,0,0,0,0,1
1153,5,7,Medical Professional aiding efforts against COVID-19,1.5,4,4,2,3,2,4,2,3,5,33,0,1,0,0,1,0,1,1,0,0
1154,9,9,Entrepreneur,0.5,2,1,4,2,2,4,3,3,9,44,0,0,1,0,0,0,0,1,0,0
1155,5,12,Homemaker,0.5,3,5,2,1,2,3,2,2,5,27,0,1,0,0,0,1,1,1,0,0
1156,9,11,Working Professional,0.5,3,2,4,4,4,4,3,3,9,30,1,1,1,1,0,1,1,0,1,0
1157,11,12,Working Professional,1.5,2,2,3,3,3,1,3,2,11,31,1,1,1,1,1,1,0,0,1,0
1158,5,5,Working Professional,0.5,2,2,4,2,4,4,4,4,5,47,1,1,0,0,0,1,0,1,1,1
1159,9,9,Entrepreneur,0.5,2,1,4,2,2,4,3,3,9,46,0,0,1,0,0,0,0,1,0,0
1160,9,7,Working Professional,0.5,1,1,5,5,5,5,5,5,9,28,1,1,0,0,1,0,0,0,0,1
1161,5,7,Medical Professional aiding efforts against COVID-19,1.5,4,4,2,3,2,4,2,3,5,33,0,1,0,0,1,0,1,1,0,0
1162,9,9,Entrepreneur,0.5,2,1,4,2,2,4,3,3,9,45,0,0,1,0,0,0,0,1,0,0
1163,5,12,Homemaker,0.5,3,5,2,1,2,3,2,2,5,28,0,1,0,0,0,1,1,1,0,0
1164,9,11,Working Professional,0.5,3,2,4,4,4,4,3,3,9,26,1,1,1,1,0,1,1,0,1,0
1165,11,12,Working Professional,1.5,2,2,3,3,3,1,3,2,11,31,1,1,1,1,1,1,0,0,1,0
1166,5,5,Working Professional,0.5,2,2,4,2,4,4,4,4,5,40,1,1,0,0,0,1,0,1,1,1
1167,9,9,Entrepreneur,0.5,2,1,4,2,2,4,3,3,9,41,0,0,1,0,0,0,0,1,0,0
1168,9,7,Working Professional,0.5,1,1,5,5,5,5,5,5,9,26,1,1,0,0,1,0,0,0,0,1
1169,5,7,Medical Professional aiding efforts against COVID-19,1.5,4,4,2,3,2,4,2,3,5,38,0,1,0,0,1,0,1,1,0,0
1170,9,9,Entrepreneur,0.5,2,1,4,2,2,4,3,3,9,45,0,0,1,0,0,0,0,1,0,0
1171,5,12,Homemaker,0.5,3,5,2,1,2,3,2,2,5,32,0,1,0,0,0,1,1,1,0,0
1172,9,11,Working Professional,0.5,3,2,4,4,4,4,3,3,9,27,1,1,1,1,0,1,1,0,1,0
1173,11,12,Working Professional,1.5,2,2,3,3,3,1,3,2,11,28,1,1,1,1,1,1,0,0,1,0
1174,5,5,Working Professional,0.5,2,2,4,2,4,4,4,4,5,49,1,1,0,0,0,1,0,1,1,1
